32292427622,412692931,bumped at the start before racing up with the pace - in touch with the front-runners 3f out - denied a clear run and angled right over 1f out - finished strongly to get up close home
32292427622,52087490,settled at the back early - moved into the middle of the track to close from 2f out - bumped 1f out before driving to the front inside the final furlong - caught and beaten a nose close home
32292427622,58196740,raced handy pulling hard early - pushed along 1f out and passed by the front two inside the final 110yds - stayed on to finish third
32292427622,28535171,went straight to the front - overtaken 3f out - fought back for the advantage over 1f out then lost it entering the final furlong - faded towards the finish
32292427622,52451903,drifted right and bumped another runner at the start before settling towards the back over-eager early - lost ground from 2f out - driven along to gain a position inside the final furlong - stayed on to the line
32292427622,45865897,raced handy - edged in front 3f out - overtaken over 1f out and quickly faded - slipped to last inside the final furlong
32292441181,39060966,up with the pace out wide - went to the front two furlongs out under a drive - stayed on strongly to assert late
32292441181,28534226,travelled up with the pace - faded approaching the furlong marker before responding to pressure and knuckling down - moved into second late in the contest but never landed a blow on the winner
32292441181,46913321,handy early - pushed for effort over 1f out - kept on until finding nothing more in the final 110 yards
32292441181,44816562,slow into stride and settled towards the back - driven approaching 2f out and edged forward marginally - pressed for effort but unable to make further inroads inside the final furlong
32292441181,53689664,settled behind the pace - denied a run and dropped back 2f out - unable to fight back into contention
32292441181,45662183,set the early pace - driven and passed 2f out - drifted left and faded quickly
32292441181,36836947,racing towards the back early - lost touch 2f out and soon detached
32292425685,55634236,up with the pace early and soon settled into second - went to the front 2f out - came under pressure throughout the final furlong - fought back to get on top close home
32292425685,54644723,settled at the back early - made smooth progress from 3f out - moved into second over 2f out and closed on the leader inside the final furlong - unable to find more towards the finish
32292425685,65484769,settled towards the back - driven 2f out - ran on strongly inside the final furlong to claim third
32292425685,57102815,raced handy - found wanting for pace over 1f out and dropped out of third entering the final furlong - stayed on to the finish
32292425685,56127673,set the pace early - driven along when overtaken over 2f out - found lacking for pace over 1f out and quickly faded
32292425685,52709706,raced handy early - found wanting for pace and slipped to the back 3f out - soon off the pace and well beaten from over 1f out
32292439244,57504237,set out in front from the start - eased over to the rail after two furlongs - driven out over 1f out to see off pressure - found more inside the final furlong to pull clear
32292439244,53052300,broke sharply but squeezed for room at the start - dropped towards the back before creeping into contention and up with them by halfway - driven for second passing 2f out and again inside the final furlong - kept on but no match for the impressive winner
32292439244,50433481,raced up with the pace - hampered on the rail and dropped back after two furlongs - stalking the front and driven over 1f out - finished well late on
32292439244,52897201,drifted right from the start - sat behind the pace and moved into second by halfway - driven with 1f left - weakened in the final 110 yards
32292439244,52297427,raced up with the pace before losing ground 4f out and settling towards the back by halfway - driven for effort with 1f to race - found nothing in reply
32292423748,52962791,settled in third early before slipping towards the back of the field after 3f - driven to close on the front-runners 2f out - ran on strongly inside the final furlong - hit the front to win towards the finish
32292423748,33789805,broke tardily and settled towards the back - made progress into a share of second after 3f - closed right up on the front-runner over 2f out - went ahead inside the final furlong - unable to find more when overtaken towards the finish
32292423748,44199162,in contention for the front early before sitting in joint second after 3f - faded to last over 1f out - responded to make up ground inside the final furlong - claimed third towards the finish
32292423748,57316427,in contention for the front early - went out in front after 3f - dictated a modest gallop - driven over 2f out - overtaken inside the final furlong and faded fast inside the final 110yds - slipped to last towards the finish
32292437307,52862740,set the pace down the rail - driven 2f out - battled on to prevail by a whisker at the line
32292437307,412693169,reared at the start and dropped towards the back - driven 2f out - made headway with 1f left under pressure - kept on to challenge the winner near the line - narrowly beaten into second
32292437307,37208024,held up towards the back - angled to the outside and driven 2f out - pressed for effort and ran on to move into third over 110 yards out - found nothing more
32292437307,64072400,raced up with the pace before being driven approaching 2f out and narrowing the margin - pressed for effort in second with 1f to run - found nothing more in the final 110 yards
32292437307,54059705,slow into stride before settling behind the pack - driven 2f out and dropped back - continued at an even gallop to the finish
32292437307,40919396,racing in the pack - driven approaching 2f out and holding firm before fading with a furlong left
32292437307,57102836,close up in second - driven approaching 2f out - faded before the final furlong
32292421811,53081441,towards the back of the pack early - driven to close the gap from halfway - bumped another runner over 1f out - ran on strongly inside the final furlong - hit the front towards the finish and drew clear to prevail
32292421811,36235234,raced handy early - went to the front over 2f out - drifted right over 1f out - driven along inside the final furlong before being overtaken inside the final 110yds - unable to find more towards the finish
32292421811,31565513,broke tardily and settled at the back - moved to the middle of the track to close the gap over 2f out - driven along inside the final furlong - drifted left inside the final 110yds - unable to find more towards the finish
32292421811,39061428,settled towards the back and stumbled approaching halfway - driven to close the gap from 1f out - stayed on to the finish
32292421811,36515787,tardy from the stalls and settled towards the back - driven and made modest progress inside the final furlong - faded towards the finish
32292421811,54998251,close to the front-runners early before being impeded before halfway and dropping back through the field - responded with limited progress inside the final furlong - stayed on without accelerating towards the finish
32292421811,29761354,went to the front early - overtaken at halfway - driven over 2f out and again over 1f out - faded fast inside the final furlong
32292421811,35025592,settled mid-division showing eagerness before drifting off a line when impeded approaching halfway - driven over 1f out - faded fast inside the final furlong
32292421811,52862677,raced mid-division and wide early - driven to close on the front-runners 2f out - found lacking for pace when impeded over 1f out - quickly faded
32292421811,53081371,raced mid-division - found wanting for pace and slipped to last 2f out - soon off the pace and well beaten in the final furlong
32292435370,65838129,close up in third - driven and closing on the front pair approaching the final furlong - went to the front with 110 yards left - holding on and idling clear towards the line
32292435370,17389228409,slow into stride and racing in the pack - driven and making up ground 2f out - asked for more in fourth with 1f left - finished strongly to challenge the winner but narrowly beaten
32292435370,64324589,chased the pace in second - driven with 1f to run and edging left while fighting on - found nothing more in the final 110 yards
32292435370,64621494,went to the front under pressure from a rival - driven with 1f to run - overtaken in the final 110 yards and dropped away quickly
32292435370,62170059,racing towards the back throughout
32292435370,66160920,racing towards the back - driven by halfway - had nothing to offer
32292435370,63741923,slow into stride - always struggling at the back of the field
32292419874,66655554,settled in third early - urged along to hit the front over 1f out - took command inside the final furlong and soon opened a comfortable advantage - driven out to win in taking style
32292419874,65005185,settled in second early - driven along to close on the leader inside the final furlong - stayed on but made no inroads inside the final 110yds
32292419874,64488053,went to the front early and dictated a modest gallop - overtaken over 1f out - passed by the front two inside the final 110yds - stayed on to the finish
32292419874,66463348,settled towards the back early - found wanting for pace at halfway - well beaten from 2f out
32292433433,66432275,raced up with the leading duo - driven and shifted left to close in approaching 2f out - took over with 1f left under pressure - found more to assert and draw clear
32292433433,64460221,made the early running before being overtaken after two furlongs - tracked up handily - regained a slender advantage 2f out before being passed again with 1f to run - kept on but unable to get on terms with the winner
32292433433,62170437,held up towards the back - driven 2f out and picking off tired opponents - up into third with just over 110 yards to run
32292433433,17389468299,racing towards the back - driven before halfway and again with 2f to run - at no stage a factor
32292433433,64135022,drifted left from the start before angling over from a wide berth to take over after two furlongs - driven with 2f to run - overtaken by a short margin and faded with 1f left
32292433433,66130652,racing in the pack - showed signs of inexperience and dropped back 4f out - soon dropped away further
32292433433,7000000378,racing in the pack showing signs of inexperience - driven with 2f to run and soon lost touch
32292417937,66198895,close up behind the front-runner showing eagerness - driven up to level terms 2f out - went to the front 1f out - finished strongly to win
32292417937,66305694,went to the front early - driven and drew level 2f out before being overtaken 1f out - found nothing more
32292417937,66198888,tardy from the stalls and soon in touch with the front-runners - driven along over 2f out - faded 1f out
32292417937,66586072,in touch with the front-runners early - driven along 2f out - faded over 1f out
32292431496,31494183,settled towards the back - made progress under pressure with 2f to run - went to the front with 1f left - stayed on strongly inside the final furlong
32292431496,57686895,travelled close to the pace - roused along with 2f to run - responded well inside the final furlong and clung on for second at the line
32292431496,40919438,set the pace from the outset - driven with 2f to run before being overtaken with 1f left - battled on inside the final furlong but edged out of the runner-up spot at the line
32292431496,56844081,travelled close to the pace - roused along with 3f to run - faded with 2f left
32292431496,19052663,away tardily and pulling hard in last - made progress into the pack with 5f to run - roused along with 3f left - faded with 2f to run
32292431496,54090855,pulling hard in the pack - losing touch with 5f to run and driven with 4f left - soon detached at the back
32292698802,8192583,Dwelt at the start and settled towards the back - made rapid progress into contention 2f out - pushed along and stayed on well in the final furlong - went clear 110 yards out to win comfortably
32292698802,36062054,Set the pace from the front - pushed along approaching 2f out - battled on gamely inside the final furlong - overtaken in the last 110 yards but clung on for second beaten a length and a quarter
32292698802,40899698,Raced in mid-division - pushed along and improved position 2f out - stayed on but found nothing more close home to finish third
32292698802,36738674,Settled towards the back - pushed along and made progress 2f out - moved left approaching the final furlong and stayed on to finish fourth
32292698802,56590996,Raced in the pack early - pushed along and made progress 2f out - lost place approaching the final furlong - finished fifth without closing further
32292698802,33875436,Travelled through the middle of the field - pushed along and made progress 2f out - maintained effort inside the final furlong to finish sixth
32292698802,25027233,Settled towards the middle of the field - asked for effort and made progress 3f out - driven approaching 2f out but made no more impact to finish seventh
32292698802,51766813,Held up towards the back - urged for effort and made progress 2f out - driven approaching the final furlong - lacked the speed to threaten near the finish and came home eighth
32292698802,52054933,Held up in the pack early - lost touch under pressure 3f out - made only slight late progress inside the final furlong to finish ninth
32292698802,56873789,Raced towards the middle of the field - pushed along and made ground 2f out - unable to find more and finished tenth
32292698802,53871321,Raced close to the pace - pushed along 3f out and soon under pressure - faded inside the final furlong to finish eleventh
32292698802,36235087,Tracked the pace in second - pushed along 3f out and soon under pressure - faded from over a furlong out to finish twelfth
32292698802,55634110,Raced close to the pace - urged for effort 3f out - driven and lost ground over 2f out - soon held and slipped to the back over 1f out to finish last
32292534157,52054296,Raced close up early - moved through to hit the front and asked for effort 2f out - soon in command - finished going away final furlong
32292534157,45226496,Slow to begin - soon close up in 2nd - went in front after 3f - asked for effort and passed 2f out - unable to reach winner and held on for second
32292534157,41153000,In front early - overtaken after 3f - asked for effort entering straight and faded
32292534157,17389032325,Raced close up early - asked for effort in 3rd 2f out and held that spot 1f out - dropped to 4th inside final furlong with nothing more in the tank
32292534157,43164562,Unhurried start - towards the back early - asked for effort in 6th 2f out and stayed on at one speed
32292534157,50369473,Settled in 5th - asked for effort in 4th over 2f out - unable to make further inroads
32292534157,46265387,Towards the back early - made progress into 5th and asked for effort 2f out - up to 4th 1f out then 3rd inside final furlong - stayed on but never got competitive
32292402441,29228773,Held up early - made up ground into contention over 1f out - drifted right and interfered with another runner inside final furlong - found more to prevail close home
32292402441,40859399,Held up early travelling wide - made ground over 1f out - ran on to grab second inside final furlong - held no more in the closing strides
32292402441,53181527,Shared the early advantage - settled in second after 1f - hit the front inside final furlong - overtaken close home and found nothing more to finish third
32292402441,39960921,Racing in the pack early - closed on the front-runners over 1f out - went for the front inside final furlong - driven along but held no more towards finish
32292402441,47192271,Settled in mid-division - shaken up and gained ground inside final furlong - stayed on without threatening towards finish
32292402441,50435994,Held up early - lost ground from over 1f out - responded to the whip and stayed on at one speed to finish
32292402441,35730023,Slow to begin and conceded considerable ground at the start - made progress over 1f out - stayed on for a creditable effort given the interrupted start
32292402441,30725989,Shared the early advantage and drifted left to command after 1f - put under pressure when overtaken inside final furlong - faded soon after
32292402441,36221591,Shared the early advantage before dropping to third after 2f out - shaken up over 1f out - faded inside final furlong
32292402441,52054849,Handy early - pressed for effort over 1f out and drifted right inside final furlong - faded towards finish
32292402441,24506272,Asked for effort early - dropped towards the back - fell away and was well beaten before halfway
32292429559,39641371,settled in third - roused along with 2f to run - made progress to go in front with 1f left - drew away easily inside the final furlong
32292429559,54464053,pulling hard in front early - driven with 3f to run before being overtaken with 1f left - battled back at the winner inside the final furlong - soon repelled and faded towards the finish
32292429559,62549263,settled in second - roused along with 3f to run and faded with 2f left - kept on at a steady gallop inside the final furlong to retain third
32292429559,32180568,pulling hard settled last - driven with 3f to run - unable to make further inroads on those in front - continued at a steady gallop inside the final furlong
32292373386,43572935,Quick into stride and set the pace out wide - shaken up passing the furlong marker - drifted right close home - battled back to score
32292373386,43826559,Settled in the pack racing wide - made headway under pressure inside the last furlong to move into second - unable to land a blow on the winner
32292373386,36137423,Raced up with the front-runner out wide before being asked to quicken with two furlongs to run - stayed on without the gears to get involved in the finish
32292373386,52962763,Slow to begin - settled towards the back out wide before being asked for effort with two furlongs left and having to wait for room - angled left approaching the final furlong and finished well without getting on terms
32292373386,29496425,Broke smartly and raced prominently out wide - ridden hard passing the furlong marker but found nothing close home
32292373386,40859483,Slow to begin and settled towards the back - asked to improve with two furlongs left - kept on inside the final furlong showing plenty in reserve
32292373386,40668425,Raced in a handy spot - made progress with two furlongs left before being driven and edging right passing the furlong marker - went up to challenge for the lead entering the last furlong but weakened close home
32292373386,29918651,Settled towards the back of the pack - asked for more passing the furlong marker and kept on out of contention
32292373386,40745957,Drifted right from the start and raced in the pack out wide - asked to quicken with over two furlongs to run but weakened inside the final furlong
32292373386,52641386,Raced in the pack - asked for effort with two furlongs left but made no impact on the finish
32292373386,22797810,Raced up with the front-runner - dropped away with two furlongs left despite being driven and was never a threat from there
32292373386,35149240,Jumped none too fluently at the start and was held up towards the back - asked for effort passing the furlong marker but found nothing and was shut down before the line
32292373386,33875576,Raced in the pack - asked for effort with two furlongs left and faded from there
32292416000,33177837,Raced in the pack - urged for effort and made progress 2f out - driven out over 1f out - hit the front inside the final furlong - drew several lengths away in the last 110 yards to win easily
32292416000,52418114,Set the pace from the front - driven over 2f out - overtaken inside the final furlong but stayed on for second
32292416000,29748740,Took a strong hold in the early stages - tracked the pace - urged for effort 2f out and driven over 1f out - stayed on strongly inside the final furlong to finish third
32292416000,38434151,Missed the break - raced in the pack - driven and made progress over 2f out - maintained effort inside the final furlong to finish fourth
32292416000,49821674,Held up towards the back - urged for effort and made progress over 2f out - driven over 1f out and kept on inside the final furlong to finish fifth
32292416000,57877834,Held up towards the back early - shaken up and made progress over 2f out - driven over 1f out and maintained effort through the final furlong to finish sixth
32292416000,64257935,Tracked the pace - driven over 2f out - found nothing when asked - faded over 1f out to finish seventh
32292416000,55061853,Held up towards the back - driven over 2f out - made no more ground and finished eighth
32292416000,32264834,Raced in the pack - driven and made progress over 2f out - unable to find more and finished ninth
32292416000,51866332,Settled in the pack - driven and lost ground 2f out - soon held and slipped to the back over 1f out to finish last
32292532220,56961548,Raced close up - asked for effort in 2nd 2f out - moved to the front 1f out and found more to the line
32292532220,54027134,Shared the front early - moved in front 3f out - asked for effort 2f out and overtaken 1f out - held second at a single gear final furlong
32292532220,30926175,Raced close up early - asked for effort in 3rd 2f out - held station in 3rd and stayed on at one speed final furlong
32292532220,52526145,Through the pack early - progress into 4th and asked for effort 2f out - stayed on at one speed final furlong
32292532220,41379471,Raced close up - asked for effort in 5th 2f out - up to 4th 1f out but found nothing more final furlong
32292532220,51557807,Travelled through the pack pulling hard early - asked for effort in 6th 2f out - unable to make inroads
32292532220,53602143,Towards the back early - asked for effort 2f out - progressed into 6th 1f out without making further inroads
32292532220,54525485,Through the pack early - asked for effort in 9th 2f out - unable to make inroads
32292532220,30330034,Slow to begin - towards the back - asked for effort in 11th 2f out without making inroads
32292532220,21526778,Held a position at the back throughout - took no part in the finish
32292532220,23208983,Slow to begin - stayed towards the back throughout - took no part in the finish
32292532220,30643326,Towards the back of the pack - made no inroads in the straight - took no part in the finish
32292532220,45193463,Shared the front early - asked for effort and overtaken 3f out - faded
32292400504,26961459,Settled towards the back early - had a lot to find when angled wide to gain ground over 1f out - quickened into contention inside final furlong before hitting the front inside final 110yds - found more all the way to the line
32292400504,35840770,Asked for early effort - handy with the front pair - dropped to mid-division before halfway - driven to close the gap from over 1f out and looked a threat entering final furlong - grabbed second inside final 110yds but found nothing more towards finish
32292400504,36665160,Held up early - made ground from 2f out after being angled towards the middle of the track - went to the front for a short spell over 1f out - overtaken inside final 110yds - faded to finish third
32292400504,64258131,Sluggish start and held up towards the back - switched wide to gain ground over 1f out - closed on the front-runners inside final furlong - faded towards finish
32292400504,27535627,Raced close to the pace early - sat behind the front two after 3f - went to the front over 1f out - pressed for effort when overtaken inside final furlong and faded rapidly inside final 110yds
32292400504,31660937,Close to the pace early - lost touch with the leading pair 2f out - faded rapidly over 1f out
32292400504,40919102,Set the pace and opened up a seven-length advantage after 2f - the margin shrank by 4f out - overtaken over 2f out - faded soon after
32292388882,55303710,Settled towards the back early - improved into contention approaching two furlongs out - went to the front inside the final furlong - stayed on to fend off the runner-up and score
32292388882,49141015,Raced up with the pace early - went to the front approaching two furlongs out - overtaken inside the final furlong - battled back but narrowly denied close home
32292388882,50434762,Settled at the back early - made steady progress from two furlongs out - moved into third and finished strongly close home
32292388882,49144123,Raced freely early - soon close to the front - drifted right under pressure a furlong out and weakened into fourth
32292388882,51491517,Raced up with the pack early - asked for effort a furlong out - drifted left and kept going to finish fifth
32292388882,54555361,Raced in the pack early - shaken up two furlongs out - lacked the speed to feature and finished sixth
32292388882,57590603,Restrained early - hampered for room soon after the start - pushed along and drifted left approaching the final two furlongs - made modest progress without threatening and finished seventh
32292388882,52452057,Hampered for room early and raced freely - settled in the pack - found little two furlongs out and faded into eighth
32292388882,56338226,Held up at the back of the field throughout - came home ninth
32292388882,63742105,Raced freely and set the pace early - overtaken two furlongs out - faded quickly to finish tenth
32292388882,63390327,Drifted right at the start - raced in the pack towards the outside - dropped away two furlongs out to finish eleventh
32292388882,51557765,Restrained at the back early - moved right two furlongs out - drifted right again and made no dent on the leaders inside the final furlong to finish twelfth
32292371449,21648900,Settled towards the back - travelling with plenty in hand three furlongs out but short of room and asked to close with two furlongs left - driven and finding another gear to hit the front close home
32292371449,37807203,Raced close to the front markers - asked for effort with over two furlongs left and kept on - driven passing the furlong marker and looked sure to prevail before lacking the toe to match the winner close home
32292371449,45791984,Took a strong hold in the early stages close to the pace - driven passing the furlong marker and edged in front by a whisker - battled on but was passed twice in the closing strides
32292371449,37316118,Slow to begin and drifted right early - made ground with over two furlongs left to challenge the leading pair under strong urging - kept up the effort inside the last but had nothing more to give in the final strides
32292371449,33875450,Raced in the pack - asked for effort with two furlongs left and responded to challenge the leading group - driven passing the furlong marker and looked the likely winner before failing to quicken again
32292371449,52205279,Hesitant break and settled in the pack - switched right and asked for effort with two furlongs left in tight quarters - driven passing the furlong marker and kept going without threatening
32292371449,45378326,Settled at the back before making ground three furlongs out - driven with two furlongs left in search of the front runners but could not quicken again passing the furlong marker
32292371449,42226156,Held up at the back and under pressure three furlongs out - responded to make late gains in the final furlong
32292371449,37758308,Set the pace - asked for more with two furlongs left before being driven and overtaken passing the furlong marker - weakened in the closing stages
32292371449,50809710,Slow to begin and settled in the pack - asked for effort with two furlongs left but soon lost touch with the leaders
32292371449,50123143,Raced close to the pace - asked for effort over two furlongs out and faded rapidly to finish a distant last
32292414063,40918899,Held up towards the back - shaken up and made progress over 2f out - driven over 1f out and produced a powerful effort in the final furlong to hit the front close home and win
32292414063,21963634,Raced in the pack - urged for effort and made progress over 2f out - driven and stayed on strongly inside the final furlong to finish second
32292414063,39060770,Dwelt at the start and held up towards the back - made rapid progress over 2f out - driven over 1f out and hit the front inside the final furlong - stayed on gamely in the last 110 yards before being overtaken close home to finish third
32292414063,41346396,Raced in the pack - driven and made progress over 2f out - stayed on inside the final furlong but found nothing more close home to finish fourth
32292414063,35149737,Raced in the pack - driven and made progress 2f out - denied a clear run and moved left over 1f out - stayed on inside the final furlong without closing further to finish fifth
32292414063,18809420,Raced close to the pace - driven 2f out and still fully in contention over 1f out - maintained the effort inside the final furlong to finish sixth
32292414063,31966137,Took a strong hold and missed the break - recovered into the pack - made rapid progress to hit the front over 2f out - driven over 1f out - overtaken inside the final furlong - held up for room and found nothing more in the last 110 yards to finish seventh
32292414063,28399903,Held up towards the back of the pack - urged for effort 3f out and driven over 2f out - lacked the speed to threaten and finished eighth
32292414063,42452459,Pulled hard in the early stages - tracked the pace - driven 2f out but unable to find more and finished ninth
32292414063,18645515,Tracked the pace - driven over 2f out - faded over the final furlong to finish tenth
32292414063,41628916,Raced in the pack - driven and made progress 2f out - posed no danger and finished eleventh
32292414063,57406986,Set the pace from the front - driven and overtaken over 2f out - soon held and slipped to the back over 1f out to finish last
32292530283,57255177,In front from the start - shown a squeeze to edge clear 2f out - soon asked for effort and challenged hard but found more to prevail close home
32292530283,22689310,Raced up with the pace - asked for effort in 4th 2f out - progress into 2nd 1f out and finished strongly to challenge the winner near the line
32292530283,40942055,Through the pack early - asked for effort and made ground into 5th 2f out - up to 3rd 1f out and held that gear to the line
32292530283,37014103,Slow to begin and held up towards the back - given a squeeze and made ground into 7th 2f out - soon asked for effort - up to 5th 1f out then 4th inside the final furlong - stayed on but never got competitive
32292530283,61206852,Towards the back early - given a squeeze 2f out - a modest 8th and asked for effort 1f out - stayed on into the final furlong to be 5th near the line without gaining further ground
32292530283,57718031,Raced up with the front-runner in 2nd - asked for effort in a tight 2nd 2f out - faded to 4th 1f out and made no further inroads
32292530283,42780969,Towards the back of the pack - asked for effort and made ground into 6th 2f out - unable to find more final furlong
32292530283,52641351,Raced close up - asked for effort in 3rd 2f out - faded
32292530283,37701279,Held towards the back throughout - took no part in the finish - detached from 2f out
32292398567,32499747,Held up early - boxed in and looking for space over 1f out - finished powerfully inside final furlong to hit the front inside final 110yds - pulled clear to prevail
32292398567,44785958,Handy early - lost ground over 1f out - switched left and finished nicely to claim second on the line
32292398567,29889930,Racing in mid-division - drifted left 3f out - driven to close on the front-runners inside final furlong - ran on nicely and moved up to second for a moment before being caught back on the line
32292398567,51735922,Sluggish start and held up towards the back - made progress racing wide from 1f out - ran on nicely inside final furlong - could not get to the front-runners close home
32292398567,39961117,Close to the pace from the start - went to the front before the first furlong was completed - overtaken inside final furlong and faded towards finish
32292398567,45661742,Racing in mid-division - urged forward to close on the front-runners over 1f out - faltered inside final 110yds and lost momentum when squeezed for room towards finish
32292398567,40293729,Handy from the start - soon travelling in second - driven and shared the advantage inside final furlong - faltered inside final 110yds and dropped away towards finish
32292398567,48499297,Held up in the second half of the field - urged forward over 2f out - switched towards the middle to make a little progress inside final furlong and stayed on
32292398567,39192048,Handy and racing wide from the start - urged forward over 1f out - closed on the front-runners inside final furlong - faltered inside final 110yds
32292398567,6929979,Set the pace before being overtaken inside the first furlong - raced close to the front - urged forward over 1f out but boxed in and unable to find a way through inside final furlong - faltered towards finish
32292398567,35840875,Held up at the back throughout - boxed in for room 3f out - lost touch with the pack from 1f out and dropped away towards finish
32292386945,49695107,Tracked the pace early - hit the front two furlongs out - moved further ahead and drifted right approaching the final furlong to score without being pushed
32292386945,44512825,Away in good order - up with the pace early - ridden two furlongs out - moved into second and drifted right a furlong out - held on for second without matching the winner
32292386945,38338790,Raced in the pack early - made progress two furlongs out - up into third a furlong out - held on for the place finish behind the winner
32292386945,37836617,Settled handy early - pushed along two furlongs out and drifted left approaching the final furlong - continued at one speed to the line to finish fourth
32292386945,52205139,Raced freely and set the pace early - overtaken two furlongs out - dropped away quickly - continued to the line for fifth
32292386945,28532693,Dwelt at the start and raced towards the rear - shaped up a shade better approaching the final furlong - unable to challenge and came home sixth
32292386945,45475682,Raced in the pack - denied a clear run and moved right two furlongs out - unable to land a blow and faded in the final furlong to finish seventh
32292386945,5621658,Settled handy on the inside early - made progress four furlongs out - pushed along two out and faded in the final furlong for eighth
32292386945,29496495,Restrained at the back early - off the pace and struggling two furlongs out to finish ninth
32292386945,31451133,Restrained at the back early - pushed along and toiling three furlongs out to finish tenth
32292375323,37208038,Raced up with the leading two before moving to the lead with over two furlongs left - driven passing the furlong marker and pulled clear to win with authority
32292375323,44659853,Set the pace - asked for effort and overtaken by a short margin with over two furlongs left - responded but drifted left when driven and found nothing more in the final furlong
32292375323,41938687,Settled towards the back before making progress three furlongs out - asked for effort with over two furlongs left to move into fourth passing the furlong marker - stayed on to take third near the line without threatening those ahead
32292375323,29918658,Raced close to the pace and driven with two furlongs left - unable to match the pair ahead and dropped out of third close home
32292375323,55634215,Raced in the pack and asked for effort with three furlongs to run - kept on but was contained with over a furlong left
32292375323,41325452,Raced in the pack before making progress three furlongs out under pressure - found running room hard to find and moved left but ran on at an even gallop
32292375323,54933718,Raced close to the pace before being asked for effort over two furlongs out - slipped back through the field but kept trying to the line
32292375323,37316790,Raced in the pack and short of room with over two furlongs left - driven and soon struggling without a chance
32292375323,31550491,Raced in the pack - asked for effort with over two furlongs left but made no impact
32292375323,63551236,Raced in the pack before making ground wide with over three furlongs left - drifted right and faded with two furlongs left
32292375323,62170899,Handy in the early stages before being driven with three furlongs left - soon lost touch with the field
32292375323,53181331,Held up towards the back - asked for effort with four furlongs left but was not a factor at any stage
32292375323,49142380,Slow to begin and settled at the back - asked for effort with four furlongs left but remained detached throughout
32292375323,51273152,Settled towards the back - hampered on the inside after three furlongs - asked for effort with four furlongs left but failed to feature at any stage
32292375323,53994024,Raced in the pack - asked for effort over two furlongs out but found nothing
32292412126,22828953,Dwelt at the start before improving into the pack - urged for effort over 2f out - driven over 1f out - hit the front inside the final furlong - opened up several lengths in the last 110 yards to win comfortably
32292412126,28013258,Held up towards the back - made rapid progress and moved left over 2f out - urged for effort 1f out - driven and kept on well inside the final furlong - closing best of all to take second beaten two lengths
32292412126,30750349,Tracked the pace - hit the front 3f out before being asked for effort 2f out - driven over 1f out - overtaken inside the final furlong - held on for third without finding more
32292412126,29227870,Tracked the pace - driven over 1f out - stayed on strongly inside the final furlong to finish fourth
32292412126,56188916,Raced in the pack - driven and made progress 2f out - maintained effort inside the final furlong to finish fifth
32292412126,35149842,Settled in the pack - shaken up and improved through the field 2f out - battled on gamely inside the final furlong to finish sixth
32292412126,29227198,Pulled hard early and held up towards the back - made significant progress over 3f out - urged for effort 2f out - driven and denied a clear run over 1f out - stayed on close to the finish to finish seventh
32292412126,52772307,Held up towards the back - driven and made progress over 2f out - maintained the effort through the final furlong to finish eighth
32292412126,42520926,Held up towards the back - driven 2f out - made no more ground and finished ninth
32292412126,22413538,Pulled hard early - raced in the pack - urged for effort and denied a run over 1f out - driven but unable to close and finished tenth
32292412126,41305138,Raced close to the pace - driven over 2f out and soon under pressure - faded 1f out to finish eleventh
32292412126,62202154,Set the pace from the front - driven and overtaken 3f out - soon held - eased and pulled up with a furlong to run
32292528346,59609795,Through the pack early - made progress into 5th and momentarily short of space on the inner - soon urged forward - asked for effort in 3rd 1f out - moved into the front inside final furlong and found more
32292528346,55764513,Raced close up - asked for effort and moved into the front 1 1/2f out - challenged hard 1f out - overtaken inside the final furlong with nothing more to give
32292528346,63422562,Towards the back of the pack - given a squeeze in 7th 2f out - soon asked for effort - up to 6th on the outer 1f out - finished 3rd near the line but did not get on terms with the front pair and made no further gain
32292528346,58627261,Travelled through the pack pulling hard early - up with the front group by halfway - asked for effort in a tight 4th 2f out - up to 2nd over 1f out then 3rd inside the final furlong - faded to 4th with nothing more to give near the line
32292528346,50434538,Raced up with the pace - moved into 2nd entering the straight - asked for effort in a tight 2nd 2f out - faded back to over 5th 1f out with nothing more to offer
32292528346,55700778,Raced up with the pace - asked for effort in 6th 2f out - unable to make inroads
32292528346,66655267,In front early - asked for effort 2f out - overtaken 1 1/2f out - faded to 4th 1f out without making further inroads
32292528346,64294818,Through the pack early - asked for effort in a modest 9th 2f out - unable to find more
32292528346,17389579900,Slow to begin and held towards the back - made no inroads from 3f out - took no part in the finish
32292528346,64846943,Slow to begin - held towards the back throughout - took no part in the finish
32292528346,17389584072,Unhurried start - held towards the back throughout - took no part in the finish
32292528346,65869461,Towards the back of the pack - unable to make inroads 2f out - allowed to drop away final furlong
32292528346,65068654,Raced up with the front-runner in 2nd - asked for effort entering the straight - faded
32292396630,50434685,Handy with the front pack - switched towards the middle to gain ground over 1f out - finished powerfully to hit the front inside final 110yds and pulled clear to prevail
32292396630,52054604,Set the pace early - lost the advantage by a short head after 1f - urged forward to regain the front inside final furlong - overtaken once more inside final 110yds and found nothing more towards finish
32292396630,52862761,Soon travelling in second - edged to the front by a short head after 1f - driven over 1f out - overtaken inside final furlong and faded towards finish
32292396630,52452015,Held up early - made a little progress from 1f out - moved into fourth inside final 110yds and stayed on
32292396630,64225525,Handy early - pressed for effort over 1f out - lost ground inside final furlong and faltered inside final 110yds
32292396630,52054548,Held up early - lost touch travelling wide from 2f out - faltered inside final furlong
32292396630,53572554,Sluggish start - never got involved from the back of the field
32292385008,65974622,Settled at the back early - made progress and shifted right approaching the final furlong - ran on strongly through the furlong - got up close home to win
32292385008,66586079,Raced freely and up with the pace early - driven along and drifted left from a furlong out - overtaken close home to finish second
32292385008,62170066,Close up with the front-runner early - driven a furlong out - drifted left when going well inside the final furlong and dropped out of the placings to finish third
32292385008,65869692,Settled at the back early - lost ground and drifted right a furlong out - unable to find more in the final furlong to finish fourth
32292385008,66586030,Settled at the back early - began fading two furlongs out - dropped away through the final furlong to finish fifth
32292385008,66586016,Settled at the back early - dropped away from the pace two furlongs out and faded to finish sixth
11978187,38549154,Raced in the pack before making rapid progress with over three furlongs left to close on the leading group - moved left and was asked for effort approaching two furlongs out to go for the lead - went clear with more than a furlong to run and drifted right - driven passing the furlong marker and battled to the line for the win
11978187,36528359,Settled at the back before making ground with four furlongs left - moved wide and asked for effort to make progress over two furlongs out - driven into second passing the furlong marker and responded but could not match the winner
11978187,53504073,Settled towards the back before making headway with four furlongs left - asked for effort in a battle for third over two furlongs out and kept on without finding extra in the final furlong
11978187,412694702,Close to the pace early and asked for effort to challenge the front group with three furlongs left - driven into the lead with two furlongs left but was quickly overtaken and dropped away
11978187,35625149,Settled towards the back before making a little progress over three furlongs out - found room tight over two furlongs out despite being driven and was unable to threaten before fading passing the furlong marker
11978187,54464004,Driven to the front early and coaxed to hold the gallop by halfway - overtaken with three furlongs left and faded over two furlongs out
11978187,48528284,Held up at the back having taken a keen hold - lost touch with the field when asked for effort over three furlongs out - driven with two furlongs left but found nothing
11978187,43667281,Raced close up early before being driven into the lead with three furlongs left - overtaken with two furlongs left and faded without much resistance
11978187,33135634,Raced in the pack - lost touch with the field rapidly with four furlongs left
32292526409,55947661,In front from the start - given a squeeze and opened a gap 2f out - soon asked for effort - challenged hard inside the final furlong - found more to hold on near the line despite being fully extended
32292526409,58931124,Settled in 5th - up to 4th over 3f out - asked for effort in 4th 2f out - progress into 2nd and pursued the winner 1f out - finished strongly final furlong but narrowly missed out
32292526409,63171416,Raced close up - asked for effort and moved into 2nd 2f out - slipped to 3rd 1f out - finished strongly in 3rd but unable to get to the front two
32292526409,52677387,Towards the back early then up to 5th 3f out - given a squeeze and soon asked for effort 2f out - a modest 5th 1f out - up to 4th inside final furlong holding a single gear
32292526409,64590813,Raced close up in 3rd - moved into 2nd over 3f out - asked for effort back in 3rd 2f out - slipped to 4th 1f out then 5th inside the final furlong with nothing more to give
32292526409,59710742,Slow to begin and settled last - asked for effort in a modest 6th entering the straight - unable to find more
32292526409,56338520,Raced up with the front-runner in 2nd - dropped away rapidly 3 1/2f out - before being pulled up
32292410189,55545700,Tracked the pace in the early stages - urged for effort over 2f out - gained significant ground over 1f out to close on the front-runners - still holding a winning opportunity approaching the final furlong - went in front close home - stayed on strongly to win
32292410189,47098646,Settled towards the back of the pack - urged for effort over 2f out - made rapid progress to close on the front-runners over 1f out - driven to hit the front inside the final furlong but overtaken close home to finish second
32292410189,24734997,Held up towards the back - made rapid progress but held up for room over 1f out - moved left and found space in the final furlong - stayed on strongly to move into third in the last 110 yards
32292410189,53993961,Settled just behind the front-runners - urged for effort over 2f out - driven to hit the front over 1f out - overtaken inside the final furlong - found nothing more in the last 110 yards to finish fourth
32292410189,55304228,Settled towards the back - moved left when urged for effort 2f out - driven and made consistent progress over 1f out - lost place inside the final furlong but battled on to finish fifth
32292410189,36234499,Raced close to the pace - hit the front over 2f out - driven and overtaken over 1f out with nothing more to give inside the final furlong to finish sixth
32292410189,46975187,Settled towards the back - urged for effort 2f out - driven with a great deal of ground to make up over 1f out - stayed on inside the final furlong without threatening to finish seventh
32292410189,50187746,Raced in the pack - driven over 2f out and made a little progress over 1f out - faded inside the final furlong without making an impact to finish eighth
32292410189,63034132,Raced in the pack - driven over 2f out - faded over 1f out to finish ninth
32292410189,42780710,Settled in the pack - made gradual progress over 3f out before being driven over 2f out - faded over 1f out to finish tenth
32292410189,56778365,Raced prominently - driven over 2f out - faded over 1f out to finish eleventh
32292410189,63034118,Held up towards the back and stayed in that position throughout to finish twelfth
32292410189,46483276,Tracked the pace - urged for effort over 2f out - driven and dropped away over 1f out to finish last
32292410189,30765105,Set the pace from the front - driven and overtaken over 2f out - faded rapidly over 1f out to finish last
32292394693,66619602,Sluggish start and held up towards the back - made ground from 3f out - switched wide to hit the front over 1f out - stayed on to assert control right to the line
32292394693,65225167,Settled towards the back early - made consistent progress from 2f out - travelled wide to close on the winner inside final 110yds but stayed second best towards finish
32292394693,64780555,Handy and racing wide from the start - hit the front over 1f out - overtaken inside final furlong - faded inside final 110yds
32292394693,64713012,Handy early - urged forward 2f out - lost ground over 1f out and faded soon after
32292394693,66432198,Set the pace - put under pressure 3f out - overtaken over 1f out - driven along inside final furlong but faded inside final 110yds
32292394693,65974629,Held up at the back throughout - found nothing over 2f out and dropped away soon after
32292383071,51373728,Raced up with the pace early - went to the front three furlongs out - driven out and stayed on strongly to win
32292383071,48258721,Settled at the back early - made progress and shifted left approaching the final furlong - ran on well to move into second close home
32292383071,26947501,Settled in the pack early - moved right and made progress two furlongs out - briefly up into second inside the final furlong - continued on but dropped back to finish third
32292383071,37563820,Up with the pace early and pulling hard - driven and within range a furlong out - continued to battle to the line and finished fourth
32292383071,57439256,Settled at the back early - made progress towards the far rail two furlongs out - continued at one effort inside the final furlong to finish fifth
32292383071,34471094,Settled handy early - driven three furlongs out - drifted left approaching the furlong and continued at one effort to finish sixth
32292383071,35243145,Settled in the pack early - driven two furlongs out - continued without threatening close home to finish seventh
32292383071,30980838,Dwelt at the start and settled handy - made ground three furlongs out - faded close home to finish eighth
32292383071,42005474,Set the pace early - overtaken three furlongs out - faded a furlong out to finish ninth
32292383071,44384550,Raced up with the front-runner early - went up to dispute matters three furlongs out - dropped away a furlong out to finish tenth
32292383071,30123646,Settled in the pack early - drifted left approaching the final furlong - found no room soon after and made no impact to finish eleventh
32292383071,36329006,Dwelt at the start and trailed the field throughout to finish twelfth
32292383071,41090882,Held up at the back of the field throughout to finish thirteenth
32292383071,36864919,Settled handy early - dropped away from the pace two furlongs out - drifted right and faded to finish fourteenth
32292383071,31518613,Settled at the back early - made progress two furlongs out - drifted left a furlong out then hampered and fell
11978200,53081434,Raced up with the front-runner - asked for effort passing the furlong marker before being driven into the lead and drifting left through the closing strides - kept finding more to prevail
11978200,35528038,Raced in the pack - asked for effort passing the furlong marker and showed plenty in reserve to close fastest of all
11978200,32936428,Slow to begin and settled at the back - made progress three furlongs out but drifted right - asked for effort passing the furlong marker and responded without the speed to get involved in the finish
11978200,60125891,Raced in a handy position and moved into fourth before halfway - asked for effort inside two furlongs with a genuine opportunity to be involved - driven inside the last but unable to land a blow on the winner - hampered late and slipped back through the field close home
11978200,36499883,Raced close to the pace and went to the front after two furlongs - asked for effort with two furlongs left - overtaken passing the furlong marker and found nothing more
11978200,37246636,Handy in the early stages and asked for effort with two furlongs left - kept on without finding extra in the final furlong
11978200,31005947,Raced in the pack moving easily - asked for effort passing the furlong marker and found running room hard to find before responding despite being hampered close home
11978200,37395099,Raced in a handy position - asked for effort with two furlongs left but made no impact
11978200,35336434,Raced in the pack and asked for effort with two furlongs left - responded without threatening at any stage
11978200,41442121,Raced in the pack - asked for effort passing the furlong marker but failed to threaten
11978200,39960403,Held up towards the back - asked for effort with two furlongs left but was not competitive at any stage
11978200,54494818,Raced in the pack - asked for effort passing the furlong marker without ever getting competitive
11978200,38018477,Raced in the pack - asked for effort with two furlongs left but had nothing to offer
11978200,52772265,Set the pace early before being overtaken after two furlongs - continued to race prominently before being asked for effort with two furlongs left and edging right - quickly lost touch with the field
11978200,35150038,Held up at the back - fell away from the field some way before the furlong marker
11978200,39190564,Slow to begin and settled towards the back - asked for effort and faded with two furlongs left
32292524472,25027226,Raced up with the front-runner in 2nd - given a squeeze to go in front 1 1/2f out - soon asked for effort - found more final furlong to hold on under a hard-fought challenge near the line
32292524472,21526792,Through the pack early - asked for effort and made ground into 5th 2f out - up to 2nd 1f out - finished full of running to challenge the winner all the way to the line
32292524472,53993933,Unhurried start towards the back of the pack - given a squeeze in a modest 9th 2f out - soon asked for effort - up to 8th 1f out - stayed on final furlong to be 3rd near the line without gaining further ground
32292524472,56559216,Slow to begin and towards the back - given a squeeze in a modest 9th 1f out - found late progress to be 4th near the line running on at an even gallop
32292524472,32554165,In front early - asked for effort 2f out - overtaken 1 1/2f out - faded to 5th 1f out with nothing more to give
32292524472,55700757,Through the pack early - asked for effort in 8th 2f out - up to 6th 1f out with nothing more to offer
32292524472,13096559,Raced close up - asked for effort in 3rd 2f out - held that spot 1f out without making further inroads
32292524472,57942115,Through the pack early - asked for effort and made ground into 6th 2f out - unable to find more
32292524472,55545581,Raced close up - asked for effort in 4th 2f out - faded
32292524472,40805534,Unhurried start - held towards the back throughout - took no part in the finish
32292524472,57878009,Raced up with the pace - asked for effort entering the straight - faded
32292524472,57909551,Towards the back of the pack - asked for effort entering the straight - faded
32292524472,54059754,Hesitant start - stayed in rear throughout - had no impact on the finish
32292524472,31823435,Through the pack early - asked for effort entering the straight - faded
32292524472,59609858,Sluggish break - housed towards the back throughout - played no part in the finish
32292524472,56843857,Tardy start - remained towards the back throughout - had no say in the finish
32292408252,65224838,Settled towards the back - made rapid progress on the outside over 2f out - driven over 1f out - stayed on strongly inside the final furlong - went to the front 110 yards out and hung on narrowly to win
32292408252,64072232,Dwelt at the start before improving into the pack - urged for effort and made progress over 2f out - moved left and held up for room over 1f out - driven inside the final furlong and finished powerfully close home - beaten only narrowly into second
32292408252,17389051099,Raced in the pack - driven and lost place over 2f out - moved left over 1f out - battled on gamely inside the final furlong without finding more close home to take third
32292408252,17389471428,Raced in the pack - made rapid progress over 2f out - driven over 1f out - hit the front inside the final furlong before being overtaken 110 yards out - stayed on to finish fourth
32292408252,65380567,Held up towards the back - urged for effort and made progress over 2f out - driven and moved left over 1f out - kept on well inside the final furlong closing best of all to take fifth
32292408252,66005079,Set the pace from the front - urged for effort 2f out - driven over 1f out - overtaken inside the final furlong with nothing more to give in the last 110 yards to finish sixth
32292408252,65036097,Tracked the pace - driven over 2f out - hampered inside the final furlong and unable to fight back to finish seventh
32292408252,63422744,Took a strong hold early - settled in the pack - urged for effort and denied a run over 2f out - moved left over 1f out without closing further to finish eighth
32292408252,17389477686,Raced close to the pace - urged for effort 2f out - held up for room over 1f out - moved left inside the final furlong and stayed on to finish ninth
32292408252,65869636,Pulled hard early and travelled close to the pace - driven over 2f out - found nothing more in the last 110 yards to finish tenth
32292408252,63810824,Raced in the pack - hampered approaching 2f out - urged for effort over 1f out - battled on despite being short of room in the last 110 yards without closing further to finish eleventh
32292408252,17389469342,Raced in the pack - driven and made progress 2f out - lost place 1f out and lacked the speed to threaten finishing twelfth
32292408252,66655456,Drifted left at the start - held up towards the back - driven 3f out but never got competitive throughout to finish thirteenth
32292408252,64590729,Raced close to the pace - driven over 2f out - faded inside the final furlong to finish fourteenth
32292381134,56406770,Up with the front-runner until four furlongs out - dropped away soon after - fought back two furlongs out to hit the front approaching the final furlong - went further ahead and kept on strongly to win
32292381134,43892471,Set the pace early - driven along three furlongs out - drifted right two furlongs out before being overtaken a furlong out - unable to threaten the winner but continued to the line for second
32292381134,42616315,Settled last early - made progress three furlongs out - driven and drifted left a furlong out - chased hard for second close home but continued to the line for third
32292381134,20662607,Settled handy early and pulling hard - made progress five furlongs out - moved into second four furlongs out but came under pressure a furlong out - found nothing more inside the final furlong to finish fourth
32292381134,36023442,Settled handy early - slipped to the back needing room three furlongs out - driven two furlongs out - made no impact and faded back from a furlong out to finish fifth
32292392756,45701754,Racing in mid-division - made up ground on the front-runners over 2f out - drifted right over 1f out before hitting the front inside final furlong - pulled clear to prevail
32292392756,29228815,Handy early - went to the front 2f out - drifted markedly right over 1f out - overtaken inside final furlong and found nothing more towards finish
32292392756,53504143,Set the pace soon after the start - pressed for effort when overtaken over 1f out - driven again inside final furlong and stayed on
32292392756,52054597,Reared leaving the stalls and lost ground immediately - held up in the second half of the field - travelled wide to gain ground from 2f out - closed on the front three inside final furlong and stayed on
32292392756,43796431,Settled towards the back early - lost ground 2f out - responded and made a little progress inside final furlong to stay on
32292392756,38417218,Handy with the front group early - drifted left and lost ground over 2f out - faded rapidly inside final furlong
32292392756,41346333,Handy and putting pressure on the pacesetter early - lost ground over 2f out - faded rapidly inside final furlong - failed to find any rhythm throughout
32292392756,32500125,Hesitant leaving the stalls and lost ground immediately - settled at the back of the field - urged forward 2f out then given further encouragement inside final furlong - faded rapidly inside final 110yds to finish last
32292369512,47655370,Raced close up in second before going to the front with two furlongs left under pressure - pulled clear passing the furlong marker when driven and kept finding more to the line
32292369512,55516020,Held up at the back before being asked for effort over two furlongs out - made progress with two furlongs left and was short of room for a moment - responded to move into third passing the furlong marker and grabbed second close home but could not land a blow on the winner
32292369512,53211291,Raced up with the front markers on the rail - driven passing the furlong marker and continued at an unchanged gallop
32292369512,55453993,Raced close to the front markers out wide - asked for effort with two furlongs left and drifted right before continuing at an unchanged gallop
32292369512,45855166,Took a strong hold early and set the pace - asked for effort and overtaken with two furlongs left - weakened close home
32292369512,49142023,Took a strong hold in the pack - asked for effort and faded some way before the furlong marker
32292369512,37407930,Held up towards the back racing wide - asked for effort over two furlongs out but found nothing
32292369512,36665048,Held up towards the back - asked for effort with three furlongs left but failed to feature at any stage
32292522535,16763194,In front early - matched by a rival after 2f - back in front entering the straight - asked for effort and opened a gap approaching 2f out - gap narrowed near the line but kept finding enough to hold on
32292522535,36809577,Raced close up - asked for effort and moved into 2nd 2f out - soon unable to make inroads on the winner - stayed on final furlong but couldn't get to the winner
32292522535,55916231,Through the pack early - given a squeeze in 7th 2f out - asked for effort and moved into 3rd over 1f out finishing well near the line
32292522535,60626790,Jostled at the start - towards the back of the pack - given a squeeze in 9th 2f out - up to 5th and asked for effort 1f out - 4th inside the final furlong finishing on
32292522535,59862446,Drifted right at the start - towards the back - given a squeeze 2f out - soon asked for effort - progress into 6th 1f out and finished on well in the final furlong
32292522535,49481362,Unhurried start - towards the back - given a squeeze approaching 2f out - up to 9th 1f out finishing on at an even gallop in the final furlong
32292522535,51557814,Raced up with the front-runner in 2nd early - shared the front after 2f - asked for effort and overtaken entering the straight - faded to 4th 1f out without making further inroads
32292522535,36036714,Through the pack early - asked for effort and made ground into 5th 2f out - unable to find more
32292522535,64846915,Jostled at the start and hesitant to begin - towards the back - unable to make inroads from 2f out - a modest 10th 1f out holding a single gear to the finish
32292522535,14823018,Raced close up - asked for effort in 4th 2f out - faded
32292522535,53960039,Raced up with the pace - asked for effort in 6th 2f out - faded
32292522535,43417962,Through the pack early - asked for effort entering the straight - faded
32292522535,52677373,Jostled at the start - towards the back of the pack - faded in the straight
32292522535,44105299,Through the pack on the outer - asked for effort entering the straight - faded
32292406315,57316455,Tracked the pace - driven over 2f out - quickened to hit the front inside the final furlong and stayed in command to win
32292406315,57439319,Tracked the pace - driven over 2f out - hit the front over 1f out before being overtaken inside the final furlong - stayed on to finish second
32292406315,53390029,Held up towards the back - made rapid progress 2f out - denied a run and moved left over 1f out - driven inside the final furlong and stayed on to finish third
32292406315,22354612,Settled towards the back of the pack - driven and made progress over 2f out - maintained the effort inside the final furlong to finish fourth
32292406315,25082281,Raced in the pack - shaken up and improved through the field over 2f out - battled on gamely inside the final furlong to finish fifth
32292406315,16761598,Raced in the pack - urged for effort 2f out - driven and hampered when moved right over 1f out - made only slight late progress inside the final furlong without closing further to finish sixth
32292406315,40668957,Took a strong hold early - set the pace from the front - driven and overtaken over 2f out - soon held and unable to find more from over 1f out to finish seventh
32292406315,51186898,Raced in the pack - driven 3f out and made only slight progress 2f out - never got competitive throughout to finish eighth
32292406315,46515364,Tracked the pace - urged for effort to hit the front over 2f out - driven and overtaken over 1f out before fading to finish ninth
32292406315,37758294,Dwelt at the start - settled towards the back - driven and made progress 3f out but struggled to get involved finishing tenth
32292406315,36763790,Settled towards the back of the pack - driven 3f out - found nothing and was always struggling to finish eleventh
32292406315,55148639,Raced close to the pace - driven 3f out - faded over 2f out having bled from the nose to finish twelfth
32292406315,35107450,Dwelt at the start - held up towards the back - pulled up after halfway having gone lame in the right front limb
32292379197,39190599,Up with the pace early - went up to dispute the lead two furlongs out - soon in front and stayed on to win
32292379197,42944041,Settled at the back early - made progress and drifted right towards the far rail a furlong out - continued on to move into second close home
32292379197,35149023,Settled towards the back of the pack early - made progress two furlongs out - briefly up into second inside the final furlong before dropping back to finish third
32292379197,45095211,Settled at the back early - made progress despite being short of room two furlongs out - briefly up into third inside the final furlong before dropping back to finish fourth
32292379197,52054562,Up with the front group early - driven and drifted right into second a furlong out - dropped back at one effort inside the final furlong to finish fifth
32292379197,22897546,Raced in the pack early - made progress two furlongs out - drifted right inside the final furlong - continued on but unable to reach the front-runners to finish sixth
32292379197,39961831,Settled towards the back of the pack early - made progress two furlongs out - drifted right inside the final furlong without threatening to finish seventh
32292379197,30980803,Raced in the pack early - made progress despite being short of room two furlongs out - denied clear passage when fading a furlong out but rallied close home to finish eighth
32292379197,46602864,Settled towards the back of the pack early - drifted right two furlongs out - made a little progress a furlong out - continued to drift right without threatening to finish ninth
32292379197,22199037,Up with the pace early - dropped away a furlong out to finish tenth
32292379197,18581983,Settled at the back early - denied a clean passage a furlong out - continued on without making a mark to finish eleventh
32292379197,38119074,Up with the front group early - driven along two furlongs out - faded inside the final furlong to finish twelfth
32292379197,30016455,Settled at the back early - denied a clean run a furlong out - unable to feature and finished thirteenth
32292379197,36207605,Raced close to the pace early - dropped away a furlong out to finish fourteenth
32292379197,29227968,Raced in the pack early - made a little progress a furlong out - unable to make a mark and faded inside the final furlong to finish fifteenth
32292379197,37164267,Set the early pace - disputed matters again approaching two furlongs out - overtaken soon after - faded inside the final furlong to finish sixteenth
32292379197,36062082,Raced close up early - dropped away two furlongs out - denied room and made no mark a furlong out to finish seventeenth
32292379197,51766582,Up with the pace early - dropped away a furlong out - not pushed out once behind and came home eighteenth
32292379197,29577086,Raced freely and set the pace early - overtaken two furlongs out - faded a furlong out to finish nineteenth
32292379197,52742193,Dwelt at the start but soon close up - dropped back two furlongs out to finish twentieth
32292379197,35336889,Settled at the back early - lost ground from two furlongs out to finish twenty-first
32292390819,61874519,Handy with the front group early - slipped back into mid-division by halfway - short of room over 2f out - angled right and finished full of running to get up and win on the line
32292390819,55634173,Handy early - moved into third 2f out - drifted left when just getting to the front inside final 110yds but overtaken right on the line
32292390819,53743431,Soon travelling in second - driven after slipping back after 4f - closed back up with the front pair soon after - looked a threat and shared the advantage inside final 110yds before finding nothing more to finish third
32292390819,30017484,Set the pace early - overtaken after 4f - regained the front over 2f out - driven hard when overtaken once more inside final 110yds and faded in the final strides
32292390819,42296877,Held up in the second half of the field - made ground over 2f out to close on the front four inside final furlong - faded in the final strides
32292390819,24959564,Held up towards the back and travelling wide - made a little progress over 1f out before fading inside final furlong
32292390819,24734906,Held up early - switched wide to gain a little ground over 1f out - stayed on without threatening
32292390819,40919445,Settled towards the back early - lost ground and toiling 4f out - responded and found a little more inside final furlong to stay on
32292390819,59710672,Handy and travelling wide early - went to the front after 4f - overtaken over 2f out - faded rapidly approaching final furlong
32292390819,46759118,Racing in mid-division - lost touch over 2f out and faded soon after
32292367575,64967931,Settled out wide up with the front group - moving easily and made rapid progress with two furlongs left - went to the front passing the furlong marker under pressure - drifted left approaching the line but got home by a whisker
32292367575,64779694,Settled in the middle of the track towards the back - moved left and asked for effort to make progress with two furlongs left - gained ground strongly and drifted right - moved into second close home but unable to catch the winner
32292367575,63323365,Settled in the middle of the track close to the pace - went to the front with two furlongs left under pressure - overtaken passing the furlong marker and found nothing more
32292367575,66130624,Settled in the middle of the track in the pack - asked for effort and made progress inside two furlongs to go in search of the front group - kept on without ever getting to the front
32292367575,64937943,Settled out wide towards the back - made ground under pressure with two furlongs left - driven into fourth passing the furlong marker and continued at an unchanged gallop
32292367575,64847223,Settled in the middle of the track in the pack - asked for effort with two furlongs left and responded - found room tight close home
32292367575,65190566,Settled out wide towards the back - asked for effort and made a little progress with two furlongs left - weakened in the final furlong
32292367575,62169184,Settled out wide in a handy position - asked for effort and faded some way before the furlong marker
32292367575,60821929,Settled out wide close to the pace - asked for effort and faded with two furlongs left
32292367575,64460228,Settled in the middle of the track and went up with the front-runner - dropped back and driven over two furlongs out before soon struggling without a chance
32292367575,63650391,Settled in the middle of the track and set the pace through the early stages - asked for effort and overtaken with two furlongs left before fading without much resistance
32292700739,17389038583,In front from the start - given a squeeze 2f out - soon asked for effort and drew away to find more in the final furlong
32292700739,62169632,Slow to begin - soon up with the front group in 3rd on the inner - asked for effort in 2nd 2f out - unable to make inroads on the winner but finished on well near the line
32292700739,17389578857,Raced up with the front-runner in 2nd - asked for effort in 3rd 2f out - unable to make inroads on the pair in front and held that spot at one speed
32292700739,17389198162,Raced close up - given a squeeze at halfway - asked for effort in 4th 2f out - held that spot to the line at one speed
32292700739,66198755,Through the pack early - asked for effort in 6th 2f out - unable to make inroads
32292700739,17389575728,Towards the back early - asked for effort in 8th 2f out - stayed on at one speed
32292700739,17389569470,Slow to begin - towards the back - given a squeeze 2f out - a modest 9th 1f out holding a single gear to the finish
32292700739,7000000651,Towards the back - unable to make inroads from 2f out - took no part in the finish
32292700739,7000000616,Unhurried start towards the back of the pack - pulling hard - given a squeeze 2f out - soon asked for effort without making further inroads
32292700739,17389576771,Through the pack early - asked for effort entering the straight - faded
32292404378,24420011,Took a strong hold early - urged for effort 2f out - hit the front over 1f out - opened up a decisive advantage inside the final furlong to win with something in hand
32292404378,51650137,Held up towards the back - urged for effort and made progress 3f out - driven over 2f out - finished strongly inside the final furlong but never able to get competitive with the winner to finish second
32292404378,54304747,Settled just behind the front-runners before sharing the front after 3f - moved clear in command over 3f out - driven 2f out - overtaken over 1f out and maintained the effort inside the final furlong to finish third
32292404378,35881223,Raced close to the leaders - driven over 2f out - maintained the effort inside the final furlong to finish fourth
32292404378,34221131,Raced in the pack - driven and made progress over 2f out - finished strongly inside the final furlong without closing further to finish fifth
32292404378,35123662,Held up towards the back - driven and made ground over 2f out - made no more of it and finished sixth
32292404378,10303251,Raced in the pack - driven and made progress over 2f out - laboured on from over 1f out to finish seventh
32292404378,36137269,Raced in the pack - urged for effort 3f out - driven over 2f out - made no more ground and finished eighth
32292404378,22523781,Held up towards the back - driven over 2f out - lacked the speed to threaten and finished ninth
32292404378,37821672,Raced in the pack - driven and made only slight progress 3f out - unable to find more and finished tenth
32292404378,43228038,Tracked the pace - driven over 2f out - faded from over 1f out to finish eleventh
32292404378,44015629,Dwelt at the start and shipped a significant distance - settled towards the back - driven over 3f out but always struggling to finish twelfth
32292404378,34471794,Set the pace from the front - caught after 3f - driven and overtaken by a distance over 3f out - soon held and slipped to the back over 2f out to finish last
32292377260,36080044,Up with the pace throughout - driven a furlong out - went to the front inside the final furlong and stayed on strongly to win
32292377260,37659006,Up with the pace early - driven and drifted right a furlong out - continued on to move into second close home
32292377260,42452165,Set the pace early - driven two furlongs out - overtaken inside the final furlong and dropped back to finish third
32292377260,19645787,Raced in the pack early - made progress a furlong out - continued on close home but narrowly missed out on third at the line
32292377260,39191495,Settled towards the back of the pack early - made progress a furlong out - closed best of all through the final furlong to come home fifth
32292377260,40493796,Settled at the back early - made progress two furlongs out - continued on but unable to reach the front-runners to finish sixth
32292377260,35446474,Away in good order and up with the pace - driven a furlong out - looked the likely winner briefly before fading close home to finish seventh
32292377260,29593130,Settled at the back early - driven three furlongs out - made progress and moved right a furlong out - continued on but unable to reach the front-runners to finish eighth
32292377260,43163736,Dwelt at the start and settled at the back - made progress towards the far rail a furlong out - unable to trouble the front-runners to finish ninth
32292377260,36696436,Up with the front group early - lost ground two furlongs out - made no mark thereafter to finish tenth
32292377260,24541503,Settled at the back on the far rail early - made progress a furlong out - continued on without threatening to finish eleventh
32292377260,19570173,Settled in the pack early - made a little progress a furlong out - unable to make a mark and faded inside the final furlong to finish twelfth
32292377260,51832305,Raced up with the pace early - driven three furlongs out - dropped away a furlong out to finish thirteenth
32292377260,41325256,Settled at the back on the far rail early - dropped a long way back through the final two furlongs to finish fourteenth
32292377260,26369812,Hampered start and dwelt - settled at the back throughout to finish fifteenth
32292377260,32030726,Settled at the back over towards the far rail early - lost significant ground through the closing two furlongs to finish sixteenth
32292377260,35938490,Settled close up early - dropped away three furlongs out - fell a long way back through the closing two furlongs to finish seventeenth
32292365638,65869748,Led from the start and asked for effort inside two furlongs - kept finding more and never looked in danger of being caught
32292365638,17389466213,Held up at the back before making progress over two furlongs out - driven and continued to run on approaching the final furlong - moved into second in the final strides without threatening the winner
32292365638,65287257,Raced close up in second before being asked for effort with two furlongs left - continued at an unchanged gallop and dropped a position in the final strides
32292365638,63810866,Drifted right at the start and quickly moved left while being asked for effort towards the back - made late progress over a furlong out without ever getting competitive
32292365638,17389069873,Raced in the pack and asked for effort by halfway - responded in the final furlong without ever threatening
32292365638,17389070916,Took a strong hold in the pack - went in search of the front group with two furlongs left and driven up into third soon after - faded inside the final furlong
32292365638,17389467256,Raced in the pack - asked for effort with two furlongs left and soon lost touch with the field
32292365638,66005093,Raced up with the front group - driven some way before the furlong marker and faded
32292365638,65938572,Slow to begin but quickly raced up with the front group - asked for effort with two furlongs left and steadily lost touch with the field
