rule_id,kind,file,line,label_or_value,born_by,date,receipt,revert_if,note
constant:conviction:pattern_rungs,constant,src/racing_edge/selection/conviction.py,33,"((""group 1"",1),(""group 2"",2),(""group 3"",3),(""listed"",4))",taught,2026-09-05,"conviction.py:21-31 the master 2026-09-05 'I picked a story over the best form line... yes do inversion, we need to learn and improve'; rulings.csv:26",,"one rung per level, lower is better"
constant:conviction:class_n_plus_4,constant,src/racing_edge/selection/conviction.py,49,n + 4 if 1 <= n <= 7,taught,2026-09-05,conviction.py:38-40 the same inversion word; his 2026-08-22 law 'class horse form is temp class is permanent' (morningread.py:143),,Class 1 non-pattern = 5 ... Class 7 = 11
constant:conviction:NO_CLASS_LINE,constant,src/racing_edge/selection/conviction.py,34,99,UNRECEIPTED,,no quote and no record for ranking 'unclassed' BELOW Class 7 — the sentinel's ordering is the apprentice's choice (cf. the same choice at nap.py:219),,"sentinel; the ladder itself is taught, this ordering is not"
term:best_form_line:won_or_placed,term,src/racing_edge/selection/conviction.py,65,h.position is None or h.position > 3 (win or first three counts),taught,2026-09-05,conviction.py:27-29 'the best form line is the highest rung at which the horse WON or PLACED (first three) inside the mark's own STALE window'; rulings.csv:26,REVERT-IF at nap.py:210 — 15 settled picks,
term:best_form_line:win_beats_place,term,src/racing_edge/selection/conviction.py,68,"key = (lvl, 0 if h.position == 1 else 1, i)",taught,2026-09-05,"conviction.py:29-30 'a win outranks a place on the same rung'; the master's inversion word, rulings.csv:26",,recency breaks the remaining tie
threshold:best_form_line:window_STALE_RUNS,threshold,src/racing_edge/selection/conviction.py,64,hist[:STALE_RUNS] (10 same-code runs),field-tested,2026-07-25,"mark.py:16-18 'the one window the record has receipted' — the Woodstock stale window, reused so the class line coins no threshold of its own",,no new number: the class line borrows the mark's window
constant:conviction:_FAMILIES,constant,src/racing_edge/selection/conviction.py,83,"7 families: mark, manner, momentum, course, trip, market, intent",field-tested,2026-07-12,conviction.py:77-82 regression audit: an in-form favourite from a hot yard could stack 8+ correlated labels and outrank the profile that actually won,,the collapse of correlated labels is receipted; the 7-way partition itself is the apprentice's carve
threshold:conviction:confident_score>=3,threshold,src/racing_edge/selection/conviction.py,124,self.score >= 3,field-tested,,"conviction.py:78-79 'the winning-era engine had ~6 orthogonal lenses, so score>=3 meant half the jigsaw agreed' — an era named, no race count given",,"the weakest field-test receipt in this register: an era, not a number"
gate:conviction:confident_needs_mark_known,gate,src/racing_edge/selection/conviction.py,124,and self.mark_known,taught,2026-07-26,"morningread.py:463 rule 6 'with the mark as ONE piece and a VETO only: never back a horse wrong at the weights' (the master, 2026-07-26)",,
gate:conviction:confident_needs_no_flags,gate,src/racing_edge/selection/conviction.py,125,not self.flags,taught,,"morningread.py:129 rule #25 'ELIMINATE: cross off what can't win on FACTS, then beat the survivors against each other'",,"RULE_AUDIT.md:59-66 names the consequence: every flag erases, and weak flags erase as hard as strong ones — awaiting his word"
gate:conviction:confident_needs_no_cautions,gate,src/racing_edge/selection/conviction.py,125,not self.cautions,taught,2026-08-22,"conviction.py:100-103 the master 2026-08-22 'just do the opposite... but dont go all nuclear on the system' — a caution warns, never erases, but blocks CONFIDENT",a week of marked mornings reads worse than the week before this shipped (conviction.py:105-106),
term:conviction:stale_anchor_scans_both,term,src/racing_edge/selection/conviction.py,138,"any(""STALE"" in f for f in (*self.flags, *self.cautions))",taught,2026-08-31,"conviction.py:136-138 the standing demotion law (the master, 2026-08-22) moved STALE flag->caution on 2026-08-31; the property scans both so readers keep behaviour",,demoted 2026-08-31
gate:conviction:same_code_runs_first,gate,src/racing_edge/selection/conviction.py,172,"hist = same_code_runs(history, race.code)",field-tested,2026-07-21,conviction.py:168-171 contamination audit: a horse that won two jumps races read RED-HOT for a flat handicap; a hurdles win at the track scored 'course winner',,"filter first, window after"
aligned:well-in,aligned,src/racing_edge/selection/conviction.py,211/355,well-in ({mr.verdict}{grade}),taught,2026-07-26,conviction.py:178-180 the master 2026-07-26 'the well-in claim is skewing all your picks — it is ONE piece of the jigsaw',,ONE label whatever the gap; the 'heavily treated' magnitude label was retired
term:conviction:up_in_grade_rider,term,src/racing_edge/selection/conviction.py,186,""" but UP IN GRADE — won in Cl{X}, today Cl{Y}""",taught,2026-07-26,mark.py:26-28 the master 2026-07-26 'well-in can mean nothing if he is up in grade',,"rides inside the well-in label, never a separate dot"
gate:conviction:well_in_needs_corroboration,gate,src/racing_edge/selection/conviction.py,350,corroborated = finisher | excuse last time | RED-HOT | won last time out,taught,2026-08-17,conviction.py:190-193 the master 2026-08-17 'we base everything on well in? why... the well in has proven only a rough guide and has not been reliable',,
caution:well-in-anchor-STALE,caution,src/racing_edge/selection/conviction.py,207,"well-in anchor STALE (last win {mr.since} runs back) — placer risk, not a missed handicapper",field-tested,2026-07-25,conviction.py:198-201 the Woodstock audit: an exposed loser's mark erodes BECAUSE it keeps losing — 'a placer's profile wearing the winning profile's coat',,demoted flag->caution 2026-08-31 after Dapper Guest 9/2 won crossed on this label
caution:well-in-NOT-counted,caution,src/racing_edge/selection/conviction.py,361,"well-in NOT counted — no current form or manner behind it (rough guide only, the master 2026-08-17)",taught,2026-08-17,"conviction.py:357-360: an INFORMATIONAL note was EXECUTING horses (dozens crossed 08-22 and 08-27 for the absence of a positive, which nobody ever taught as a fault)",,demoted flag->caution 2026-08-27
caution:first-run-off-a-raised-mark,caution,src/racing_edge/selection/conviction.py,267,first run off a raised mark ({mr.verdict}) with the bounce broken — ...,doorbell,2026-08-27,"morningread.py:212-221 law 3g: the week of 2026-08-24 cohort went 0-for-5 (Vaguely Royal, Molly Mac, Is She Now, Kanzi, Town Queen 15/8F LAST); his word 'do the above'",,a caution not a flag: Too Much Trevor won 10/1 crossed on the same profile — honest cohort 1-for-6
threshold:conviction:quick_return_days<60,threshold,src/racing_edge/selection/conviction.py,259,runner.days_since_run < 60,UNRECEIPTED,,"the master said 'a long absence' (law 3g-ii, morningread.py:234); 60 is the apprentice's cut — the only receipts are 70 days (Town Queen, LAST) and 79 (Forty Years On, WON)",,the same 60 is reused at conviction.py:402 and 406
threshold:conviction:dominant_2_wins_in_5,threshold,src/racing_edge/selection/conviction.py,253,sum(1 for h in hist[:5] if h.position == 1) >= 2,taught,2026-08-29,"morningread.py:106-114 law 2b-iii, the master 2026-08-29 'a big yard... they know what needs to be done to get a horse fit... class horses will run well fresh'",,'2 wins in the last 5' is the apprentice's operationalisation of DOMINANT
threshold:conviction:young_carveout_age<=3,threshold,src/racing_edge/selection/conviction.py,258,runner.age is not None and runner.age <= 3,taught,2026-08-29,"conviction.py:254-256 the master 2026-08-29 on Kokbastau: 'a young horse improving could be anything, he is still ahead of the handicapper'",,the receipt horse was a 3yo; the <=3 line is the apprentice's
gate:conviction:class_hike_rearms_bounce,gate,src/racing_edge/selection/conviction.py,239,_hike = race.race_class < mr.win_class,taught,2026-08-27,"conviction.py:233-237 Gore Point, 2-1-1-1-1 back out in 5 days, 5/6F in a Cl2 chase 12lb out of his depth — LAST, beaten 50L: the bounce carries a horse at his own grade",,
caution:raised-since-last-win,caution,src/racing_edge/selection/conviction.py,303,raised {mr.verdict} since last win,taught,2026-08-28,morningread.py:264-265 law 3g-iii 'An unanswered raise keeps the caution'; RULE_AUDIT.md:38 had found the label itself with 'no quote' and a losing receipt,,"born unreceipted (crossed Too Much Trevor, won 10/1), demoted to caution 2026-08-27, retro-housed by law 3g-iii"
gate:conviction:answered_raise,gate,src/racing_edge/selection/conviction.py,292,placed <= 3 AND h.official_rating >= today's AND h.race_class <= today's,taught,2026-08-28,morningread.py:256-263 the master's word 'implement' after Drymee WON 11/8 banked NOT-confident on this caution while his record held a 3rd in a Cl3 off today's mark,,
gate:conviction:answer_read_in_the_comments,gate,src/racing_edge/selection/conviction.py,300,"read_manner(h.comment or """")[0] != ""non_finisher""",taught,2026-08-28,morningread.py:268-275 Machete Beach 5/2F LAST beaten 38L — his 'answer' read 'toiling... well held': a placing whose comment is a surrender is a REFUSAL,,a blank comment still counts here; the study table is stricter (blank = OWED)
flag:no-completed-chase,flag,src/racing_edge/selection/conviction.py,312,"no completed chase — jumping unproven; hurdle form does not buy fences (Lady Kara, 2026-08-27)",doorbell,2026-09-02,morningread.py:455-457 written into the rulebook on the master's ruling (EDGE_LEDGER.md:792); Lady Kara trailed in last at 5/2 with one chase start,,"born of ONE incident: Lady Kara, 2026-08-27"
flag:no-win-in-N-placer-risk,flag,src/racing_edge/selection/conviction.py,318,no win in {len(hist)} visible runs — placer risk,taught,,"RULE_AUDIT.md:39 classes it M-ish: rule #1's family, the comment-independent backstop — 'KEEP but 3b guards it (direction outranks state)'",,"CONTRADICTION: law 3b (morningread.py:131-140, master-validated 'i 100% agree') says a bare placer count is NOT fact enough to cross off an improving horse; the code crosses off hard with no direction test"
threshold:conviction:placer_risk_runs>=6,threshold,src/racing_edge/selection/conviction.py,315,len(hist) >= 6 and no win,UNRECEIPTED,,"no quote and no record for six runs; the named corpse runs the other way — Gower Prince won at 13.0 crossed as 'placer risk, no win in 11' (morningread.py:132-135)",,
aligned:finisher,aligned,src/racing_edge/selection/conviction.py,327,finisher ({mv.finisher_runs} strong finish(es) in comments),taught,,"rule #1 'read the finish, not the figures' (manner.py:1); RULE_AUDIT.md:21 KEEP",,
flag:manner-placer,flag,src/racing_edge/selection/conviction.py,329,"manner: out-battled/found little repeatedly — placer, not a nap (#1)",taught,,RULE_AUDIT.md:40 'rule #1' KEEP; morningread.py's #1 family,,
aligned:excuse-last-time,aligned,src/racing_edge/selection/conviction.py,331,excuse last time (trouble in running) — form understates it,taught,,"RULE_AUDIT.md:22 'trouble-in-running upgrade, #1 family' KEEP",,
aligned:RED-HOT,aligned,src/racing_edge/selection/conviction.py,338,RED-HOT — won its last two,taught,2026-07-09,conviction.py:333-335 the master 2026-07-09: the nap faced an in-form rival who 'absolutely pissed in' and plain winning momentum had NO lens,,
aligned:won-last-time-out,aligned,src/racing_edge/selection/conviction.py,340,won last time out,taught,2026-07-09,conviction.py:333-335 the same 2026-07-09 momentum lesson,,
caution:cold-form,caution,src/racing_edge/selection/conviction.py,345,cold form ({p}-{p} last two),UNRECEIPTED,,RULE_AUDIT.md:41 'cold form (last two 6+) | ? | no quote; bare | DEMOTE to caution'; its one named receipt runs against it — Ecclefechan won 5/1 while 'cold' on an 8-6-5-3 improving staircase,,demoted flag->caution 2026-08-27
threshold:conviction:cold_form_last_two>=6,threshold,src/racing_edge/selection/conviction.py,341,all(p >= 6 for p in recent[:2]),UNRECEIPTED,,"no quote and no record for 'sixth or worse, twice'",,
aligned:proven-course-winner,aligned,src/racing_edge/selection/conviction.py,366,proven course winner (depth),UNRECEIPTED,,RULE_AUDIT.md:24 'course winner / depth | ? | no quote found; plausible craft | TRIAL vs record' — never ruled,,the depth idea traces to the Kingofthegame/Caughtinyourtrance tells (28/26 Jun)
aligned:course-winner,aligned,src/racing_edge/selection/conviction.py,368,course winner,UNRECEIPTED,,"RULE_AUDIT.md:24 as above — '? no quote found', TRIAL vs record, never ruled",,
aligned:course-form,aligned,src/racing_edge/selection/conviction.py,378,course form (placed here — the track knows its own),taught,2026-08-28,"morningread.py:201-205 law 3h, the master after Saint Polo won at 3/1 crossed: 'bear in mind he had experience and form at this race track dont understimate that'",,"same family as the win labels, so it can never stack with them"
aligned:market-sweet-spot,aligned,src/racing_edge/selection/conviction.py,382,market sweet spot (2nd/3rd fav),field-tested,2026-08-17,"HANDOFF.md:56-59 blind 2nd-favs lose -13.8%, ours built +13.4pt — 'the ~50-point reading premium lives at ranks 2-3 behind the trapped fav'; RULE_AUDIT.md:25 R",,"field-tested (frozen snapshot 2026-08-17, not rebuildable)"
aligned:fair-priced-favourite,aligned,src/racing_edge/selection/conviction.py,421,"fair-priced favourite (#19 — the winner, not the price)",doorbell,2026-09-02,morningread.py:449-451 #19 written into the rulebook on the master's ruling (EDGE_LEDGER.md:792): 'a favourite whose price the form justifies is a lens FOR it',,RULE_AUDIT.md:26 raised an unresolved IDENTITY CONFUSION with scoreboard rule #19 (74/103 LOSING) and asked for his word on both — never answered
threshold:conviction:fair_fav_price>=2.5,threshold,src/racing_edge/selection/conviction.py,383,market_rank == 1 and price >= 2.5,UNRECEIPTED,,no quote and no record for 2.5; rule #12 says the price never disqualifies in EITHER direction (morningread.py:477-481),,"a 2.4 favourite scores nothing, a 2.5 favourite scores a dot"
caution:favourite-but-NOT-solid,caution,src/racing_edge/selection/conviction.py,417,favourite but NOT solid (...) — shield off: why NOT take him on? (2b-ii),taught,2026-08-27,"morningread.py:95-105 law 2b-ii THE FIVE-PART SOLID TEST, his word the same night 'do the above and do them surgically' (Town Queen 15/8F LAST; Ten Clarets 3rd)",,"strips the #19 dot, never erases the horse"
gate:conviction:solid_hole_never_won,gate,src/racing_edge/selection/conviction.py,400,"not any(h.position == 1 for h in hist) -> ""never won""",taught,2026-08-27,"morningread.py:99-103 'SOLID means ALL FIVE — short price + in form + HAS ACTUALLY WON + RACE-FIT today + PROVEN AT THE MARK' (Ten Clarets, BF fav who had NEVER won)",,
threshold:conviction:solid_hole_days>=60,threshold,src/racing_edge/selection/conviction.py,402,runner.days_since_run >= 60 and not dominant,UNRECEIPTED,,"law 2b-ii says 'RACE-FIT today (a long absence...)' with no number; 60 is the apprentice's cut between Town Queen (70 days, LAST) and Forty Years On (79, WON)",,
gate:conviction:solid_hole_first_run_off_raise,gate,src/racing_edge/selection/conviction.py,405,"mr.delta > 0 and mr.since == 0, with the bounce/hike carve-outs",taught,2026-08-27,"morningread.py:103 'PROVEN AT THE MARK (not the first run off a raise)'; the bounce carve-out is 3g-ii (Captain Cairney WON, Gore Point LAST)",,
aligned:in-form-yard,aligned,src/racing_edge/selection/conviction.py,426,in-form yard ({round(stable_strike*100)}%),taught,2026-07-03,"conviction.py:157-163: two stronger profiles (I'm Next, Giant Haystacks — both won) sat capped and the master asked 'why weren't these part of today's read?'",,RULE_AUDIT.md:27 KEEP (#5 intent)
threshold:conviction:stable_strike>=0.15,threshold,src/racing_edge/selection/conviction.py,425,stable_strike >= 0.15,UNRECEIPTED,,no quote and no record for 15%; the same 0.15 is reused in tells._headgear_key (tells.py:86) with no receipt there either,,
threshold:pipeline:stable_runs>=8,threshold,src/racing_edge/pipeline/nap.py,326,ev.stable_runs >= 8 before a strike is computed,UNRECEIPTED,,no quote and no record for an eight-run sample floor under the in-form-yard dot,,
aligned:stables-#1-rider-up,aligned,src/racing_edge/selection/conviction.py,428,stable's #1 rider up (intent),taught,2026-07-03,conviction.py:157-163 (#5 intent — half the I'm Next jigsaw: 17% yard + stable's #1 up); RULE_AUDIT.md:27 KEEP,,
aligned:local-master-yard,aligned,src/racing_edge/selection/conviction.py,431,"local master yard ({%} at this course, {n} runs — #10)",doorbell,2026-09-02,"morningread.py:443-445 '#10 LOCAL MASTER YARD — the trainer's win rate AT TODAY'S COURSE over ten or more runs, well above the yard's baseline', on his ruling",,"founding receipt: Cartmel / Moffatt, 26 Jun"
threshold:conviction:local_runs>=10,threshold,src/racing_edge/selection/conviction.py,430,local_runs >= 10,doorbell,2026-09-02,morningread.py:444 'over ten or more runs' — ratified by being written into the rulebook as coded (EDGE_LEDGER.md:792),,"ratified by documentation, never by a record test"
threshold:conviction:local_strike>=0.18,threshold,src/racing_edge/selection/conviction.py,430,local_strike >= 0.18,UNRECEIPTED,,the rulebook says 'well above the yard's baseline' (morningread.py:445) — 18% is a fixed number standing in for a comparison the code never makes,,
aligned:trip-proven,aligned,src/racing_edge/selection/conviction.py,445,"trip proven ({%} over this distance, {n} runs)",taught,2026-07-26,morningread.py:78-80 rule 2 (#29): 'course/trip fit' is one of the jigsaw's pieces,,
threshold:conviction:trip_strike>=0.25_runs>=4,threshold,src/racing_edge/selection/conviction.py,444,trip_runs >= 4 and trip_strike >= 0.25,UNRECEIPTED,,"RULE_AUDIT.md:29 'trip proven | ? | thresholds (25%, 4 runs) invented | TRIAL vs record' — never ruled",,
threshold:conviction:trip_same_code_tolerance_1f,threshold,src/racing_edge/selection/conviction.py,440,abs(h.distance_f - race.distance_f) <= 1.0,field-tested,2026-07-21,conviction.py:433-436: the distance-times endpoint aggregates the career across codes — 3-from-8 over 2m hurdles read 'trip proven' for a 2m flat race,,the recompute is receipted; the +/-1 furlong tolerance itself is not
aligned:course-jockey,aligned,src/racing_edge/selection/conviction.py,450,"course jockey ({%} here, {n} rides — #30)",doorbell,2026-09-02,"morningread.py:453-455 '#30 THE COURSE JOCKEY — a rider at 15% or better here over fifteen or more rides is a lens for', written in on his ruling",,"RULE_AUDIT.md:30 'cutoffs invented'; ratified by documentation, not by a record test"
threshold:conviction:jockey_course_15pct_15rides,threshold,src/racing_edge/selection/conviction.py,448,jockey_course_rides >= 15 and jockey_course_strike >= 0.15,doorbell,2026-09-02,"morningread.py:454 the cutoffs as coded, ratified into the rulebook",,"ratified by documentation, never by a record test"
flag:jockey-0-of-N-at-course,flag,src/racing_edge/selection/conviction.py,453,jockey 0/{jockey_course_rides} at this course (#30),doorbell,2026-09-02,morningread.py:455 'a rider 0 from many here is a flag against',,"RULE_AUDIT.md:46 'KEEP, receipt the cutoff' — the 25-ride cutoff was never receipted"
threshold:conviction:jockey_zero_rides>=25,threshold,src/racing_edge/selection/conviction.py,452,jockey_course_strike == 0.0 and jockey_course_rides >= 25,UNRECEIPTED,,RULE_AUDIT.md:46 names the 25-ride cutoff as invented and asks for a receipt; none was ever given,,
aligned:local-course-master,aligned,src/racing_edge/selection/conviction.py,457,local course master,taught,,"tells.py:101-110 rule #10: Caughtinyourtrance / James Moffatt, Cartmel 26 Jun — the 7x course champion beat the engine's Irish raider at 7/4",,
aligned:headgear-key,aligned,src/racing_edge/selection/conviction.py,459,headgear key,field-tested,,"tells.py:81-83 King Of Earth, 28 Jun, and 10% of winners across the 101-race study DB — first-time headgear from a yard in form",,
caution:rising-mark-trap,caution,src/racing_edge/selection/conviction.py,466,rising-mark trap,UNRECEIPTED,,"RULE_AUDIT.md:45 '? trial 1-1: right on Molly Mac (11/8F beaten), WRONG on Thickthorn Tom — crossed the solid fav who won 5/4 while the engine was cornered onto Lady Kara'",,"born of ONE incident (Halfway House Lad, 28 Jun); demoted flag->caution 2026-08-27"
flag:improver-favourite,flag,src/racing_edge/selection/conviction.py,470,"improver-favourite (unexposed, short price)",field-tested,,RULE_AUDIT.md:42 'R | the profile that beat me twice (Loch Cuan / Who's Lope)' — both beat the engine at short prices,,"CONTRADICTION: the rulebook ends '...a flag, and the species question (3i) decides' (morningread.py:456-459) — the code runs no species test and the flag disqualifies. EDGE_LEDGER.md:872 asked for demotion to caution; unruled"
threshold:conviction:improver_fav_cuts,threshold,src/racing_edge/selection/conviction.py,469,len(history) <= 4 and market_rank == 1 and price <= 3.0,UNRECEIPTED,,no quote and no record for the three cuts; law 3i's own species line is 'roughly <=5-6 career runs' (morningread.py:337-338) while the code uses 4,,
flag:all-weather-caution,flag,src/racing_edge/selection/conviction.py,472,all-weather caution (#14),UNRECEIPTED,,RULE_AUDIT.md:43 '? no quote anywhere in the code; DOUBLE-TAXES with the receipted race-level AW -1; crossed ~40 horses/day... KILL the per-horse flag' — never ruled,,"CONTRADICTION: the rulebook says '#14 THE ALL-WEATHER CAUTION... a caution, never a cross' (morningread.py:448-450); the code appends it to FLAGS, which disqualify"
flag:big-field-lottery,flag,src/racing_edge/selection/conviction.py,474,big-field lottery,field-tested,2026-08-17,RULE_AUDIT.md:44 'R | fingerprint study: 12+ top-3 collapses' — but the same row rules 'MOVE to race level only (already scored there)',,"field-tested (frozen snapshot 2026-08-17, not rebuildable); double-counts with the race-level -1 at nap.py:98"
threshold:conviction:big_field>=16,threshold,src/racing_edge/selection/conviction.py,473,field_size >= 16,UNRECEIPTED,,"the study's own cut is 12 (nap.py:63, HANDOFF.md:49 'fields <=11; 12+ collapses to ~55%'); 16 is a second, unreceipted cut",,
threshold:conviction:manner_window_4,threshold,src/racing_edge/selection/conviction.py,324,nap_verdict over hist[:4] comments,UNRECEIPTED,,no quote and no record for a four-run comment window,,
threshold:conviction:momentum_window_3,threshold,src/racing_edge/selection/conviction.py,336,recent = positions of hist[:3],UNRECEIPTED,,no quote and no record for a three-run momentum window,,
constant:mark:STALE_RUNS,constant,src/racing_edge/domain/mark.py,16,STALE_RUNS = 10,field-tested,2026-07-25,mark.py:42-46 the Woodstock audit: a horse that has not won in 10+ runs reads 'well-in' against its ancient winning mark precisely BECAUSE it kept losing,,'the one window the record has receipted' (mark.py:17)
term:mark:delta_defines_well_in,term,src/racing_edge/domain/mark.py,32,"today - last_won; <= 0 = WELL-IN, +ve = raised",taught,,"mark.py:1-7 the master's decisive read; tells.py:114-117 Caughtinyourtrance, 26 Jun: 'on a mark it's capable of winning off'",,
gate:mark:same_code_anchor,gate,src/racing_edge/domain/mark.py,76,the winning anchor must be the same code,field-tested,2026-07-21,mark.py:63-66 caught by the deep read mid-pass: a flat mark of 61 compared against a hurdles win off 107 produced a fantasy 'WELL-IN -46lb',,
gate:mark:blank_typed_win_refused,gate,src/racing_edge/domain/mark.py,78,bool(h.race_type) and race_code(h.race_type) == code,field-tested,2026-07-21,"mark.py:90-92 'the sacred mark gate is stricter — mark_read refuses a blank-typed win as its anchor, because a fantasy well-in is worse than an OWED one'",,
term:mark:since_counted_same_code,term,src/racing_edge/domain/mark.py,69,since = same-code runs between today and the win,field-tested,2026-07-25,"mark.py:69-72 adversarial review: the raw index counted a dual-code horse's jumps runs against its flat anchor — a horse that won its last flat start read 'STALE, 10 back'",,
term:mark:win_class_carried,term,src/racing_edge/domain/mark.py,26,win_class: the CLASS the anchoring win came in,taught,2026-07-26,mark.py:26-28 the master 2026-07-26: 'well-in can mean nothing if he is up in grade',,
gate:mark:blank_type_kept_for_soft_lenses,gate,src/racing_edge/domain/mark.py,94,not h.race_type or race_code(h.race_type) == code,field-tested,2026-07-21,"mark.py:88-92 the contamination audit: 'a blank race_type is a data gap, not evidence of the wrong code' — those runs stay in for the SOFT lenses",,
constant:manner:_FINISHER,constant,src/racing_edge/domain/manner.py,22,the winning-flourish phrase list,taught,,"manner.py:1-11 rule #1 'read the finish, not the figures' — 'the phrase lists ARE the handicapper's vocabulary'; the 2026-07-01 addition ('asserted') is a self-study receipt",,"the 2026-09-02 audit additions (ridden out, pushed out, kept on to win) cite no number and no record"
constant:manner:_TROUBLE,constant,src/racing_edge/domain/manner.py,35,the excuse / trouble-in-running phrase list,taught,,"manner.py:1-8 rule #1's trouble upgrade — the bare result lies, do not downgrade",,"the 2026-09-02 'reads bot' additions (hung left/right, too keen, pulled hard) cite no number and no record"
constant:manner:_NON_FINISHER,constant,src/racing_edge/domain/manner.py,47,the nearly-type phrase list,taught,,rule #1's 'again'; the led-and-caught additions are field-tested (Woodstock 2026-07-25: 'driven to the front... overtaken inside the final 110 yards' read NEUTRAL),,
constant:manner:_GREEN,constant,src/racing_edge/domain/manner.py,59,the green / unfurnished phrase list,UNRECEIPTED,,no quote and no record; nothing downstream reads a 'green' manner — it only displaces other classifications through the priority order,,classifier only
term:manner:priority_order,term,src/racing_edge/domain/manner.py,93,finisher > trouble > non_finisher > green,UNRECEIPTED,,"'a winning flourish first (it finished)' is the apprentice's ordering — no quote, no record",,decides which of two phrases in one comment wins
threshold:manner:place_only_nonf>=2,threshold,src/racing_edge/domain/manner.py,134,nonf >= 2 and nonf >= fin,taught,,"manner.py:5-8 rule #1's 'again': a repeated out-battled/found-little profile is a placer, not a NAP",,the count 2 operationalises 'repeatedly'; no number receipted
threshold:manner:win_positive,threshold,src/racing_edge/domain/manner.py,140,"recent == ""finisher"" or (fin >= 1 and fin > nonf)",UNRECEIPTED,,no quote and no record for this combination,,
threshold:manner:excuse_upgrade,threshold,src/racing_edge/domain/manner.py,143,"recent == ""trouble"" or (trouble and trouble >= nonf)",UNRECEIPTED,,no quote and no record for this combination,,
gate:manner:winner_never_non_finisher,gate,src/racing_edge/domain/manner.py,124,"if m == ""non_finisher"" and pos == 1: m = ""finisher""",field-tested,2026-07-25,"manner.py:115-118 adversarial review: 'made most, headed over 1f out, kept on to lead again close home, won going away' classified non_finisher on the word 'headed'",,
threshold:manner:run_style_2_of_the_comments,threshold,src/racing_edge/domain/manner.py,82,read >= 2 and fronts >= 2 and fronts > helds,taught,2026-07-26,manner.py:74-76 the master 2026-07-26: the morning read stamped 'run-style OWED' daily while HOLDING the comments that answer it,,the lens is taught; the >=2 counts are the apprentice's
term:tells:cdg_winner_returning,term,src/racing_edge/domain/tells.py,44,TELL — course/distance/going winner ({depth}) back at today's exact conditions,field-tested,,"tells.py:47-50 Kingofthegame 28 Jun (beat a flashier improver), refined by the Caughtinyourtrance miss 26 Jun — depth of course form matters",,DISPLAY ONLY in the engine: conviction.py:455-466 maps only LOCAL MASTER / headgear / distrust into the score
caution:tells:hat_trick_trap,caution,src/racing_edge/domain/tells.py,61,TELL — won its last two off a rising mark... distrust as a banker,UNRECEIPTED,,"one incident (Halfway House Lad, 28 Jun); RULE_AUDIT.md:45 classes the resulting rising-mark trap '?' with a 1-1 trial record",,this is the tell behind caution:rising-mark-trap
threshold:tells:hat_trick_price<=3.0,threshold,src/racing_edge/domain/tells.py,66,price <= 3.0,UNRECEIPTED,,no quote and no record for the 3.0 cut,,
threshold:tells:headgear_yard_4runs_15pct,threshold,src/racing_edge/domain/tells.py,86,runs >= 4 and (wins / runs) >= 0.15,UNRECEIPTED,,the tell is receipted (King Of Earth; 10% of winners in the 101-race study); the in-form-yard cutoffs under it are not,,
constant:tells:_COURSE_MASTERS,constant,src/racing_edge/domain/tells.py,96,"{""cartmel"": (""moffatt"",)}",field-tested,,"tells.py:101-110 Caughtinyourtrance / Moffatt, Cartmel 26 Jun: the 7x course champion beat the nap at 7/4 (rule #10)",,"one course, one yard — never grown"
term:tells:_well_in,term,src/racing_edge/domain/tells.py,114,TELL — WELL-IN ({mr.verdict}),taught,2026-07-26,the mark law (mark.py:1-7); mirrors conviction's own read so the two never disagree,,display only — not mapped into aligned
threshold:tells:_same_trip_1f,threshold,src/racing_edge/domain/tells.py,38,abs(h.distance_f - race.distance_f) <= 1.0,UNRECEIPTED,,no quote and no record for the one-furlong tolerance,,
threshold:profile:well_in_and_proven,threshold,src/racing_edge/domain/profile.py,40,weight 5.0 when wv <= -2 and won at the level; else 3.0,UNRECEIPTED,,no quote and no record for the weight or the cut; profile.py's signal weights were never ruled on and never graded,,DEAD CODE — selection/case.py assess() has no caller in the pick path (only RunnerEvidence is imported); nothing here reaches a pick
threshold:profile:class_drop,threshold,src/racing_edge/domain/profile.py,53,weight 4.0 — won at a higher grade than today,UNRECEIPTED,,no quote and no record for the weight or the cut; profile.py's signal weights were never ruled on and never graded,,DEAD CODE — selection/case.py assess() has no caller in the pick path (only RunnerEvidence is imported); nothing here reaches a pick
threshold:profile:class_ceiling,threshold,src/racing_edge/domain/profile.py,65,"weight -4.0 VETO — 3+ runs at the level, no win",UNRECEIPTED,,no quote and no record for the weight or the cut; profile.py's signal weights were never ruled on and never graded,,DEAD CODE — selection/case.py assess() has no caller in the pick path (only RunnerEvidence is imported); nothing here reaches a pick
threshold:profile:topped_out,threshold,src/racing_edge/domain/profile.py,77,weight -4.0 — only won below today's class,UNRECEIPTED,,no quote and no record for the weight or the cut; profile.py's signal weights were never ruled on and never graded,,DEAD CODE — selection/case.py assess() has no caller in the pick path (only RunnerEvidence is imported); nothing here reaches a pick
threshold:profile:going_proven,threshold,src/racing_edge/domain/profile.py,86,weight 4.0 won on the band / -4.0 on 4+ unplaced,UNRECEIPTED,,no quote and no record for the weight or the cut; profile.py's signal weights were never ruled on and never graded,,DEAD CODE — selection/case.py assess() has no caller in the pick path (only RunnerEvidence is imported); nothing here reaches a pick
threshold:profile:trip_proven,threshold,src/racing_edge/domain/profile.py,101,"weight 3.0, tol_f = 1.5 furlongs",UNRECEIPTED,,no quote and no record for the weight or the cut; profile.py's signal weights were never ruled on and never graded,,DEAD CODE — selection/case.py assess() has no caller in the pick path (only RunnerEvidence is imported); nothing here reaches a pick
threshold:profile:course_proven,threshold,src/racing_edge/domain/profile.py,111,weight 2.0 — a winner at the track,UNRECEIPTED,,no quote and no record for the weight or the cut; profile.py's signal weights were never ruled on and never graded,,DEAD CODE — selection/case.py assess() has no caller in the pick path (only RunnerEvidence is imported); nothing here reaches a pick
threshold:profile:consistency_prb,threshold,src/racing_edge/domain/profile.py,119,"PRB >= 0.55 = 2.0, <= 0.45 = -2.0, min 4 runs",UNRECEIPTED,,no quote and no record for the weight or the cut; profile.py's signal weights were never ruled on and never graded,,DEAD CODE — selection/case.py assess() has no caller in the pick path (only RunnerEvidence is imported); nothing here reaches a pick
threshold:profile:quality_of_win,threshold,src/racing_edge/domain/profile.py,142,weight 2.0 — won Class <= 4 with field >= 8,UNRECEIPTED,,no quote and no record for the weight or the cut; profile.py's signal weights were never ruled on and never graded,,DEAD CODE — selection/case.py assess() has no caller in the pick path (only RunnerEvidence is imported); nothing here reaches a pick
threshold:profile:claimer_allowance,threshold,src/racing_edge/domain/profile.py,157,claim >= 3lb: 2.5 if >= 5lb else 1.5,UNRECEIPTED,,no quote and no record for the weight or the cut; profile.py's signal weights were never ruled on and never graded,,DEAD CODE — selection/case.py assess() has no caller in the pick path (only RunnerEvidence is imported); nothing here reaches a pick
threshold:profile:weight_relief,threshold,src/racing_edge/domain/profile.py,169,weight 2.0 when wv <= -3,UNRECEIPTED,,no quote and no record for the weight or the cut; profile.py's signal weights were never ruled on and never graded,,DEAD CODE — selection/case.py assess() has no caller in the pick path (only RunnerEvidence is imported); nothing here reaches a pick
threshold:profile:well_handicapped,threshold,src/racing_edge/domain/profile.py,180,weight 3.0 when RPR - OR >= 7,UNRECEIPTED,,no quote and no record for the weight or the cut; profile.py's signal weights were never ruled on and never graded,,DEAD CODE — selection/case.py assess() has no caller in the pick path (only RunnerEvidence is imported); nothing here reaches a pick
bonus:race_quality:handicap,bonus,src/racing_edge/pipeline/nap.py,71,q += 1 if is_handicap else 0,field-tested,2026-08-17,"nap.py:56 '+1 honest handicap (the record's winning profile, 6 of 8 winners)'; the 1,978-race study of 2026-08-17, shipped on his word 'lets go'",,"field-tested (frozen snapshot 2026-08-17, not rebuildable)"
bonus:race_quality:concentration,bonus,src/racing_edge/pipeline/nap.py,78,q += 1 if concentration > 0.75 and not hollow else 0,field-tested,2026-08-17,nap.py:57-59 'top-3 conc > 0.75: winner in front three 79% vs 45-55% in open markets — the strongest race-reading signal measured',,"field-tested (frozen snapshot 2026-08-17, not rebuildable)"
threshold:race_quality:concentration>0.75,threshold,src/racing_edge/pipeline/nap.py,78,0.75,field-tested,2026-08-17,nap.py:57-59 the measured split: 79% front-three at conc > 0.75 against 45-55% in open markets,,"field-tested (frozen snapshot 2026-08-17, not rebuildable)"
gate:race_quality:hollow_suppresses_concentration,gate,src/racing_edge/pipeline/nap.py,78,not hollow,taught,2026-08-19,nap.py:72-75 the master 2026-08-19 after Percy's Lad 5th: 'for the record that was a terrible race to pick in wolverhampton',,a market short at the front because everything behind it is dead wood
bonus:race_quality:pattern+2,bonus,src/racing_edge/pipeline/nap.py,93,q += 2,taught,2026-09-05,nap.py:80-88 the master 2026-09-05 'we are not picking the right races... well maybe the engine is wrong?... I believe in what you say'; rulings.csv:27,15 settled picks from pattern/heritage races read worse than the fingerprint's own (the yardstick RACE TYPE table),the +2 magnitude is the apprentice's
bonus:race_quality:class_1_to_4,bonus,src/racing_edge/pipeline/nap.py,95,"q += 1 if race_class in (1, 2, 3, 4)",field-tested,2026-08-17,"nap.py:60 '+1 Class 3-4 (fav 38.2%, top-3 73% — the sweet spot)'; Cl1-2 was added 2026-09-05 on his inversion word",same REVERT-IF as the pattern bonus,Cl3-4 field-tested (frozen snapshot 2026-08-17); Cl1-2 taught 2026-09-05
penalty:race_quality:hurdle,penalty,src/racing_edge/pipeline/nap.py,96,"q -= 1 if ""hurdle"" in race_type",field-tested,2026-08-17,"nap.py:61 '-1 hurdles (fav ROI -26.5%, the quietly terrible code)'",,"field-tested (frozen snapshot 2026-08-17, not rebuildable)"
penalty:race_quality:unclassed,penalty,src/racing_edge/pipeline/nap.py,97,q -= 1 if not race_class,field-tested,2026-08-17,"nap.py:62 '-1 unclassed (IRE unclassed: hierarchy weakest, fav -22.6%)'",,"field-tested (frozen snapshot 2026-08-17, not rebuildable)"
penalty:race_quality:field>=12,penalty,src/racing_edge/pipeline/nap.py,98,q -= 1 if field_size >= 12,field-tested,2026-08-17,"nap.py:63-64 '-1 field of 12+ (front-three coverage collapses to ~55% — shape-bet territory, not form-bet)'",,counts PRICED runners only — the partial-odds gap is said out loud at nap.py:401-409
penalty:race_quality:all_weather,penalty,src/racing_edge/pipeline/nap.py,102,q -= 1 if is_aw,field-tested,2026-08-18,"nap.py:99-101 corpus split 2026-08-18: concentrated AW holds the front three 71.9% v 79.9% on turf, fav ROI -10.0% v -6.6%",,the receipted half of law #14
penalty:race_quality:per_race_gate_flag,penalty,src/racing_edge/pipeline/nap.py,103,q -= n_race_flags,taught,2026-07-05,"nap.py:65-66 '-1 per race gate flag (the taught laws: novice-in-disguise, Cl6, anything-could-win shape)'",,the gates are taught; the one-point-per-flag weight is the apprentice's
bonus:race_quality:shape_jolly_or_gem,bonus,src/racing_edge/pipeline/nap.py,119,q += 1,taught,2026-09-01,nap.py:104-107 the master 2026-09-01: 'we are still selecting wrong type and shape of race — you have picked enough losers to find the right type of race' (rulings.csv:11),a week of shape-steered picks reads worse than the old key,the +1 magnitude is the apprentice's
penalty:race_quality:shape_best_avoided,penalty,src/racing_edge/pipeline/nap.py,121,q -= 2,taught,2026-09-01,nap.py:104-115 the same 2026-09-01 ruling; the book's own record now votes where the race is chosen,a week of shape-steered picks reads worse than the old key,the -2 magnitude ('harder than any single bonus can buy back') is the apprentice's
constant:pipeline:BETTING_BAR,constant,src/racing_edge/pipeline/nap.py,177,BETTING_BAR = 2,doorbell,2026-09-02,"EDGE_LEDGER.md:786 his ruling 'race quality is a BAR (the two-column record's bar, 2)'; naplog.py:176-181 the master 2026-08-22 'opinion on everything, money-shape on few'",a week of picks reads worse than the race-first key (nap.py:200),"the number 2 is record_split's default, itself never receipted"
threshold:ew_advice:16+_price>=5.0,threshold,src/racing_edge/pipeline/nap.py,132,field_size >= 16 and price >= 5.0 — 4 places at 1/4,taught,2026-07-26,"nap.py:125-130 'each-way as a CALCULATION, not the old 8.0 cliff (the master, 2026-07-26)': the place part stands on its own when frac*(price-1) >= 1",,
threshold:ew_advice:12-15_price>=5.0,threshold,src/racing_edge/pipeline/nap.py,136,field_size >= 12 and price >= 5.0 — 3 places at 1/4,taught,2026-07-26,nap.py:125-130 the same calculation; morningread.py:504-506 rule 9's instrument line,,
threshold:ew_advice:8-11_price>=6.0,threshold,src/racing_edge/pipeline/nap.py,138,field_size >= 8 and price >= 6.0 — 3 places at 1/5,taught,2026-07-26,"nap.py:125-130 the same calculation; morningread.py:504-506 '6.0+ in 8-11 fields (1/5 odds), never by a price cliff'",,
threshold:ew_advice:price>=8.0_thin_terms,threshold,src/racing_edge/pipeline/nap.py,140,price >= 8.0,UNRECEIPTED,,"8.0 is the OLD cliff the master struck on 2026-07-26 ('price threshold must not be so rigid'), kept alive here as a warning string",,
term:market_shape:top3_concentration,term,src/racing_edge/pipeline/nap.py,146,conc = sum(1/price) over the three shortest,taught,2026-07-26,"nap.py:148-150 the master 2026-07-26 'price threshold must not be so rigid' — a 4.9 fav with 5.0s behind it is open, a 4.9 fav clear of a 9.0 field is anchored",,
threshold:market_shape:bands_0.62_0.52,threshold,src/racing_edge/pipeline/nap.py,154,anchored >= 0.62 | loose >= 0.52 | else OPEN,UNRECEIPTED,,no quote and no record for either band; the fingerprint's own measured cut is 0.75 (nap.py:57-59),,the rulebook's #22 ANCHOR BAR states a PRICE cliff instead — 'a favourite 6/1 or bigger (5/1 below Class 3)' (morningread.py:451-453) — which the code does not implement
gate:still_to_run:fails_closed,gate,src/racing_edge/pipeline/nap.py,158,None (unparseable off time) is treated as OFF by the caller,doorbell,2026-09-02,"rulings.csv:13 the master: 'a gate that cannot check FAILS CLOSED, never open'",,the old inner function returned True on a parse error
threshold:still_to_run:buffer_5_minutes,threshold,src/racing_edge/pipeline/nap.py,158,buffer_minutes: int = 5,UNRECEIPTED,,no quote and no record for a five-minute pre-off buffer,,
term:still_to_run:hours_1_to_9_are_PM,term,src/racing_edge/pipeline/nap.py,169,if 1 <= hh <= 9: hh += 12,field-tested,2026-07-13,"nap.py:256-260 an 8pm manual run: off-times print without am/pm and racing runs ~11:00-21:45, so hours 1-9 read as PM; banking a run race corrupts the pre-off ledger",,
term:_rank_key:above_the_bar_first,term,src/racing_edge/pipeline/nap.py,220,"(1, ...) when race_quality >= BETTING_BAR else (0, ...)",doorbell,2026-09-02,"nap.py:194-199 his ruling: 'best horse wins' and 'picking the right race' reconciled — the race must CLEAR the bar first, then the best horse wins",a week of picks reads worse than the race-first key,
term:_rank_key:class_line_first,term,src/racing_edge/pipeline/nap.py,213,"-getattr(p.conviction, 'best_class_level', 99)",taught,2026-09-05,rulings.csv:26 'yes do inversion we need to learn and improve we keep getting it wrong' — five of six picks lost to the horse with the better class line,over the next 15 settled picks the class-first pick's strike sits at or below the old key's pick on the same yardstick rows,
term:_rank_key:best_class_won,term,src/racing_edge/pipeline/nap.py,214,"int(getattr(p.conviction, 'best_class_won', False))",taught,2026-09-05,"conviction.py:29-30 'a win outranks a place on the same rung'; the master's inversion word, rulings.csv:26",the inversion REVERT-IF above,
term:_rank_key:confident_first,term,src/racing_edge/pipeline/nap.py,215,int(p.conviction.confident),UNRECEIPTED,,no quote and no record for the order of the jigsaw terms; inherited unchanged from the pre-inversion key,,
term:_rank_key:mark_known,term,src/racing_edge/pipeline/nap.py,215,int(p.conviction.mark_known),UNRECEIPTED,,"the code's own reason is engineering, not the record: 'slot efficiency: the floor can't bank mark-OWED picks' (nap.py:186-187)",,
term:_rank_key:score_families,term,src/racing_edge/pipeline/nap.py,216,p.conviction.score,field-tested,2026-07-12,conviction.py:77-82 the families regression audit — correlated labels outranked the profile that actually won,,
term:_rank_key:len_aligned_tiebreak,term,src/racing_edge/pipeline/nap.py,216,len(p.conviction.aligned),UNRECEIPTED,,"no quote, no record; EDGE_LEDGER.md:869 names the fault — 'every term COUNTS EVIDENCE LINES', so the exposed horse wins the tie by construction",,his ruling on this tie was asked for (EDGE_LEDGER.md:872) and never given
term:_rank_key:race_quality_tiebreak,term,src/racing_edge/pipeline/nap.py,221,"p.race_quality after the horse terms, above the bar",doorbell,2026-09-02,EDGE_LEDGER.md:786 'among races that clear it the BEST HORSE wins; race quality then breaks ties',a week of picks reads worse than the race-first key,
term:_rank_key:race_first_below_the_bar,term,src/racing_edge/pipeline/nap.py,224,"(0, p.race_quality, ...)",taught,2026-08-17,nap.py:189-191 the master 2026-08-17: 'one of the big problems is picking the right race i think this is a weak point in the system',,keeps the dreck column honest for the record
constant:_rank_key:unclassed_ranks_7,constant,src/racing_edge/pipeline/nap.py,219,-(p.race.race_class if p.race.race_class else 7),UNRECEIPTED,,audit 2026-09-02 fix ('or 6 tied unknown with known worst') — an inference; no number and no record says unclassed ranks below Cl6,,
term:_rank_key:shorter_price_breaks_final_tie,term,src/racing_edge/pipeline/nap.py,219,-(p.price or 999.0),UNRECEIPTED,,"no quote and no record; sits against rule 2 'FORM FIRST, ODDS LAST... the market confirms or warns; it never picks' (morningread.py:78-80)",,"last term only, but it is the market picking"
term:_rank_key_legacy,term,src/racing_edge/pipeline/nap.py,227,"the pre-inversion key, printed beside the new one every 07:30",taught,2026-09-05,nap.py:228-230 the live check behind the inversion's REVERT-IF; cli/nap.py:940-953 prints both picks,,"grading instrument, not a gate"
gate:evaluate_field:time_guard,gate,src/racing_edge/pipeline/nap.py,262,races already off (or unparseable) are not pickable,field-tested,2026-07-13,"nap.py:256-261 an 8pm manual run; UK wall-clock fix 2026-07-25 (the box runs UTC, so in BST a race gone off 55 minutes ago read as still to run)",,
threshold:evaluate_field:young_unexposed_runner,threshold,src/racing_edge/pipeline/nap.py,321,i < 6 and (r.age or 99) <= 6 and len(hist) <= 5,UNRECEIPTED,,"law 3i's species line is 'roughly <=5-6 career runs' (morningread.py:337-338), so the hist<=5 leg has cover; the top-6 scope and age<=6 do not (the audit widened age<=5 citing no number)",,
flag:race:young-unexposed-field,flag,src/racing_edge/pipeline/nap.py,354,young-unexposed field — a novice in disguise (#13/#30),taught,2026-07-05,"nap.py:338-343 the master 2026-07-05 after two poor naps: 'unexposed horses, poor classes and grade, anything could win — learn to pick the correct TYPE of race'",,#13 written into the rulebook 2026-09-02 (morningread.py:445-448)
threshold:race_gate:young_unexposed>=2_and_half,threshold,src/racing_edge/pipeline/nap.py,352,young_unexposed >= 2 and young_unexposed * 2 >= contenders,UNRECEIPTED,,"no quote and no record for 'two of them, and at least half the top six'",,
gate:race_gate:age_restricted_scope,gate,src/racing_edge/pipeline/nap.py,351,all(r.age <= 3) disarms the novice gate,field-tested,2026-08-27,nap.py:345-350: in an age-restricted race the gate fires on 100% of the field and erased Carlisle's nursery wholesale — the race type the weight doctrine wins in (Forest Berry),,
flag:race:bottom-grade-Cl6,flag,src/racing_edge/pipeline/nap.py,375,bottom-grade race (Cl6) — inconsistent animals (#3),taught,2026-07-05,RULE_AUDIT.md:53 'M+R | his #3 + fingerprint (Cl6 fav 29.7%)' KEEP,,
gate:race_gate:candy_exemption,gate,src/racing_edge/pipeline/nap.py,373,len(race_picks) <= 7 and exactly one horse in winning form,taught,2026-08-27,"nap.py:356-363 the master 2026-08-27 after Captain Cairney 10/3: 'these are the type of races we need to hoover up, taking candy from a baby when you look at it properly'",a week of candy-race picks reads worse than the dreck column they came from,Brief #15 splits the grade
threshold:race_gate:candy_in_form_proxy,threshold,src/racing_edge/pipeline/nap.py,371,p.history[0].position == 1 (won last time out),UNRECEIPTED,,"the code names it itself: 'PROXY, named (third audit 2026-09-02, bot P4): one horse in winning form is operationalised as WON LAST TIME OUT — narrower than the master's sense'",,self-declared proxy; the <=7 field cut is likewise unreceipted
flag:race:open-market,flag,src/racing_edge/pipeline/nap.py,383,"open market (fav {fav}, top-3 concentration {conc}) — anything-could-win shape (#3)",taught,2026-07-26,RULE_AUDIT.md:54 'M+R | his ruling 2026-07-26 (price threshold must not be so rigid) + fingerprint (top-3 45-55% in open)' KEEP,,the OPEN band itself (conc < 0.52) is unreceipted — see threshold:market_shape:bands
gate:evaluate_field:race_flags_ride_every_runner,gate,src/racing_edge/pipeline/nap.py,385,every pick in the race inherits race_flags into conviction.flags,UNRECEIPTED,,"no quote; RULE_AUDIT.md:59-66 names the consequence — 'the survivor filter treats EVERY flag as disqualifying... they don't argue, they erase' — recommendation never ruled on",,structural: this is how one race-level caution erases a whole card
threshold:evaluate_field:hollow_half_the_field,threshold,src/racing_edge/pipeline/nap.py,416,hollow = _dead * 2 > len(race_picks),UNRECEIPTED,,the master taught the idea on 2026-08-19 ('a terrible race to pick'); 'more than half the priced field carries a dead-wood label' is the apprentice's cut,,
constant:evaluate_field:dead_wood_labels,constant,src/racing_edge/pipeline/nap.py,395,"""cold form"" | ""no win in"" | ""STALE""",UNRECEIPTED,,no quote and no record for which labels count as dead wood; one of the three is itself unreceipted (cold form) and one is demoted (STALE),,
gate:nominate_nap:survivors_have_no_flags,gate,src/racing_edge/pipeline/nap.py,439,[p for p in field if not p.conviction.flags],taught,,"morningread.py:129 rule #25 'ELIMINATE: cross off what can't win on FACTS, then beat the survivors against each other. Pick LAST.'",,RULE_AUDIT.md:59-66: this is where a weak flag becomes an execution
gate:models:is_readable_handicap,gate,src/racing_edge/domain/models.py,134,is_handicap and not is_novice and not is_amateur,taught,2026-07-05,models.py:135-138 'the race-selection GATE'; the master's #3 — race selection before horse selection (morningread.py:31-32),,the amateur-jockey exclusion carries no quote and no record of its own
gate:models:is_readable_pattern,gate,src/racing_edge/domain/models.py,142,(race_class or 9) <= 2 and not is_handicap and not novice/amateur,taught,2026-08-29,"models.py:143-147 THE ZAVATERI GATE, the master 2026-08-29 after the Celebration Mile G2 winner cruised home at 6/4 unseen: 'proper horse, proper race... fix hole'",the first three pattern-race naps go 0-for-3 — the funnel narrows back,
constant:signposts:COMBO_MIN_RIDES,constant,src/racing_edge/school/signposts.py,24,COMBO_MIN_RIDES = 5,UNRECEIPTED,,the comment claims 'the master's own bar for meaningful (Signposts prints nothing under 3 wins)' — 3 WINS is not 5 RIDES; the number is the apprentice's,,dots only — 'Nothing here moves the engine's score' (signposts.py:15); they reach the reader's sheet and the yardstick ledger
constant:signposts:COURSE_TYPE_MIN_RUNS,constant,src/racing_edge/school/signposts.py,25,COURSE_TYPE_MIN_RUNS = 5,UNRECEIPTED,,no quote and no record for a five-run floor on the yard-at-this-course line,,dots only — 'Nothing here moves the engine's score' (signposts.py:15); they reach the reader's sheet and the yardstick ledger
constant:signposts:RATING_CLEAR_LB,constant,src/racing_edge/school/signposts.py,26,RATING_CLEAR_LB = 3,taught,2026-08-22,"morningread.py:147-149 law 3c: 'A runner rated clear of the whole field (3lb+), with the books at or under the exchange, is a live pick'",,dots only — 'Nothing here moves the engine's score' (signposts.py:15); they reach the reader's sheet and the yardstick ledger
constant:signposts:FRESH_DAYS,constant,src/racing_edge/school/signposts.py,27,FRESH_DAYS = 180,UNRECEIPTED,,no quote and no record for a 180-day definition of 'fresh',,dots only — 'Nothing here moves the engine's score' (signposts.py:15); they reach the reader's sheet and the yardstick ledger
constant:signposts:COLD_YARD_DAYS,constant,src/racing_edge/school/signposts.py,28,COLD_YARD_DAYS = 45,UNRECEIPTED,,no quote and no record for 45 days without a winner,,dots only — 'Nothing here moves the engine's score' (signposts.py:15); they reach the reader's sheet and the yardstick ledger
constant:signposts:LAST_YEAR_WINDOW,constant,src/racing_edge/school/signposts.py,29,LAST_YEAR_WINDOW = 7,UNRECEIPTED,,no quote and no record for the +/-7-day window around the same date last year,,dots only — 'Nothing here moves the engine's score' (signposts.py:15); they reach the reader's sheet and the yardstick ledger
constant:signposts:RESULTS_DOOR_DAYS,constant,src/racing_edge/school/signposts.py,133,RESULTS_DOOR_DAYS = 364,field-tested,2026-09-05,signposts.py:133-136 live 2026-09-05: the door answered 422 'start date must be 12 months or less in the past'; 364 sits inside the door however it counts a year,,"an API bound, not a betting rule"
constant:signposts:MATCH_MIN,constant,src/racing_edge/school/signposts.py,182,MATCH_MIN = 0.45,UNRECEIPTED,,no quote and no record for the name-similarity cut that decides whether a past running IS this race,,dots only — 'Nothing here moves the engine's score' (signposts.py:15); they reach the reader's sheet and the yardstick ledger
threshold:signposts:combo_bands_33_20,threshold,src/racing_edge/school/signposts.py,40,combo 33%+ / combo 20%+ / combo cold,UNRECEIPTED,,no quote and no record for the combo bands,,dots only — 'Nothing here moves the engine's score' (signposts.py:15); they reach the reader's sheet and the yardstick ledger
threshold:signposts:yard_here_25_or_cold_8,threshold,src/racing_edge/school/signposts.py,107,yard here 25%+ / cold under 8%,UNRECEIPTED,,no quote and no record for the yard-at-this-course bands,,dots only — 'Nothing here moves the engine's score' (signposts.py:15); they reach the reader's sheet and the yardstick ledger
threshold:signposts:dna_fit_needs_3_runnings,threshold,src/racing_edge/school/signposts.py,296,len(lbs) < 3 -> no DNA weight line,UNRECEIPTED,,law #29 asks 'whether today's candidates fit it' (morningread brief #29) with no minimum; three runnings is the apprentice's floor,,dots only — 'Nothing here moves the engine's score' (signposts.py:15); they reach the reader's sheet and the yardstick ledger
constant:signposts:chain_fetch_bounds,constant,src/racing_edge/school/signposts.py,138,"CHAIN_FETCH_MAX = 24, CHAIN_HISTORY_LIMIT = 40",UNRECEIPTED,,no quote and no record; cost bounds on the past-winners chain,,"cost bound, not a betting rule"
constant:shapebook:class_bands,constant,src/racing_edge/school/shapebook.py,44,Cl1-2 / Cl3-4 / Cl5 / Cl6+ / unclassed,field-tested,2026-08-17,mirrors the fingerprint's own class split (nap.py:60 'Cl3-4 the sweet spot'),,"field-tested (frozen snapshot 2026-08-17, not rebuildable)"
constant:shapebook:field_bands,constant,src/racing_edge/school/shapebook.py,56,2-7 / 8-11 / 12-15 / 16+,UNRECEIPTED,,the 12+ break traces to the fingerprint (nap.py:63); the 2-7 / 8-11 / 16+ cuts have no quote and no record,,
constant:shapebook:fav_bands,constant,src/racing_edge/school/shapebook.py,66,fav<6/4 (<2.5) / fav 6/4-3/1 (<=4.0) / fav>3/1,UNRECEIPTED,,no quote and no record for the anchor-strength bands,,
threshold:shapebook:GET_ON_THE_JOLLY,threshold,src/racing_edge/school/shapebook.py,113,fav >= 45 and top3 >= 85,UNRECEIPTED,,"the master taught the GLANCE in words (2026-08-30, rulings.csv:5); the numbers are the apprentice's",,"CONTRADICTION with its own docstring ('thresholds present the data, they are not betting rules') — race_quality_score now scores this verdict +1 (nap.py:117-119)"
threshold:shapebook:GEM_BEHIND_THE_JOLLY,threshold,src/racing_edge/school/shapebook.py,116,top3 >= 78 and fav < 40,UNRECEIPTED,,the glance is taught (rulings.csv:5); 78 and 40 are the apprentice's,,scored +1 in race_quality_score (nap.py:117-119)
threshold:shapebook:BEST_AVOIDED,threshold,src/racing_edge/school/shapebook.py,118,top3 < 65,UNRECEIPTED,,the glance is taught (rulings.csv:5); 65 is the apprentice's,,scored -2 in race_quality_score and it declines leans outright (shapebook.py:222-227)
threshold:shapebook:cell_floor_min_n,threshold,src/racing_edge/school/shapebook.py,75,min_n = 30,UNRECEIPTED,,"no quote and no record for 30 races per cell; reused as MIN_CELL_N (bar_backtest.py:55) and MONTH_MIN_N (tier0.py:35) — 'the shape book's cell floor, reused'",,
gate:shapebook:glance_decline_best_avoided,gate,src/racing_edge/school/shapebook.py,222,a LEAN in a BEST AVOIDED shape is declined — a named pass banks,taught,2026-08-31,shapebook.py:178-184 the master 2026-08-31 after Play Me (4th in the market inside a top-3 94% shape): 'we need to stop making these mistakes... it seems to be same old story',,
threshold:shapebook:glance_decline_top3>=78_rank>3,threshold,src/racing_edge/school/shapebook.py,228,"glance[""top3""] >= 78 and nap_market_rank > 3",UNRECEIPTED,,"the gate is taught (Play Me, 2026-08-31); 78% and 'ranked worse than third' are the apprentice's numbers",,
gate:shapebook:confident_never_gated,gate,src/racing_edge/school/shapebook.py,221,if confident or glance is None: return None,taught,2026-08-31,"shapebook.py:184-185 'Confident naps are never gated; a missing corpus or unknown cell gates nothing (the book advises, absence of the book changes nothing)'",,
constant:ladder:MIN_JUDGE,constant,src/racing_edge/school/ladder.py,41,MIN_JUDGE = 50,taught,2026-08-15,ladder.py:41 'the master: judge nothing on fewer than 50 picks'; HANDOFF.md:14-16 the standing laws of 2026-08-15,,his floor; only he moves it
constant:ladder:WINDOW,constant,src/racing_edge/school/ladder.py,42,WINDOW = 500,taught,2026-08-15,ladder.py:42 'the master: 500+ unseen races is the graduation bar'; HANDOFF.md:14-16,,his floor; only he moves it
constant:bar_backtest:MIN_CELL_N,constant,src/racing_edge/school/bar_backtest.py,55,MIN_CELL_N = 30,UNRECEIPTED,,'the shape-book's own bar for a cell to earn a vote' — and that bar (shapebook.py:75 min_n = 30) has no quote and no record behind it,,
constant:tier0:MONTH_MIN_N,constant,src/racing_edge/school/tier0.py,35,MONTH_MIN_N = 30,UNRECEIPTED,,"'the shape book's cell floor, reused — not a new bar' (tier0.py:35); the floor it reuses is itself unreceipted",,the MONTH TEST it serves is taught (rulings.csv:16); the number 30 is not
gate:sitting_floor:class_distance_favourite,gate,src/racing_edge/school/sitting.py,21,"a missing class, distance or favourite = NAMED PASS",taught,2026-09-01,"rulings.csv:9-10 'terrible read, learn from this' then 'fix it'; law 5c (morningread.py:415-428) after the Wakeman Stayers sitting",,LIVE in the pick path: cli/nap.py:1037-1050 drops candidate races that fail the wall
constant:cli:_RACE_GATE_TERMS,constant,src/racing_edge/cli/nap.py,28,novice in disguise | bottom-grade | open market | all-weather | big-field,doorbell,2026-09-02,"rulings.csv:14 'ONE DEFINITION, ONE SITE: if a rule matters twice, it lives once and both callers ask it'",,the list is one site; two of its five members are unreceipted flags
gate:cli:best_floor_fit,gate,src/racing_edge/cli/nap.py,36,well_in and mark_known and score >= 4 and class <= 4 and shape != OPEN,taught,2026-07-31,"cli/nap.py:37-41 THE no-silent-week rule, the master 2026-07-31: 'no naps all week — what has broken now'",,no pass banks while a floor-fit survivor stands
threshold:cli:floor_fit_score>=4,threshold,src/racing_edge/cli/nap.py,46,sv.conviction.score >= 4,field-tested,2026-07-21,"cli/nap.py:1356-1360 FALLBACK DISCIPLINE: three of six losers were shallow fallback picks at conviction 3, banked when the deep read errored",,
threshold:cli:floor_fit_class<=4,threshold,src/racing_edge/cli/nap.py,48,race_class > 4 is rejected,taught,2026-07-26,morningread.py:476 rule 6: 'Class 4+ preferred; Class 5 demands a STRONGER multi-fact case; Class 6 flat is a pass',,
gate:cli:fallback_too_thin,gate,src/racing_edge/cli/nap.py,1362,no deep read and (no survivors or score < 4 or not well_in) -> no bet,field-tested,2026-07-21,cli/nap.py:1356-1360 the same three-of-six-losers receipt; the winning-era core is 4+ families including well-in,,
gate:cli:profile_floor_mark,gate,src/racing_edge/cli/nap.py,1380,delta is None or delta > 0 or stale -> fall back or no bet,taught,2026-07-26,morningread.py:463 'the mark as ONE piece and a VETO only'; the STALE half is the Woodstock audit (mark.py:42-46),,reader mode only; engine mode caps to LEAN instead
gate:cli:engine_mode_floors_cap_to_LEAN,gate,src/racing_edge/cli/nap.py,1417,"off-profile in engine mode is LEAN, never CONFIDENT",doorbell,2026-09-02,"EDGE_LEDGER.md:788 his ruling: 'the reader-mode floors: mark / class / anchor live in engine mode as CAPS: off-profile is LEAN, never CONFIDENT, never a re-pick'",confident naps vanish for a week on floor caps alone,
gate:cli:soft_fail_class>4,gate,src/racing_edge/cli/nap.py,1422,"soft_fails.append(f""class Cl{n}"")",taught,2026-07-26,morningread.py:476 rule 6 'Class 4+ preferred...',,
gate:cli:soft_fail_no_market_anchor,gate,src/racing_edge/cli/nap.py,1426,"race_fav is None or _shape == ""OPEN""",taught,2026-07-26,the master 2026-07-26 'price threshold must not be so rigid' — the SHAPE decides (nap.py:148-150),,"the rulebook's #22 states a price cliff (6/1, 5/1 below Cl3) the code never implements"
gate:cli:structural_gates_kill_the_licence,gate,src/racing_edge/cli/nap.py,1438,"(""novice in disguise"", ""bottom-grade"", ""all-weather"")",taught,2026-07-26,"cli/nap.py:1433-1437 'price cautions are shape, not law... unexposed fields, bottom grade and the AW remain hard because no case can argue marks into existence'",,the all-weather leg inherits the unreceipted per-horse #14 flag
threshold:cli:argued_needs_3_cites,threshold,src/racing_edge/cli/nap.py,1440,len(mp.cite) >= 3,UNRECEIPTED,,the code's own comment kills it: 'the bypass needs more than eloquence (regression audit: an LLM cites 3 facts every single time — the bar filtered nothing)',,still 3 after the finding
gate:cli:confident_composite,gate,src/racing_edge/cli/nap.py,1481,confident = verdict and not off_profile and not flags and not cautions and not frank_thin_deep and not cornered,taught,2026-08-22,"conviction.py:100-106 (a caution blocks CONFIDENT, the master 2026-08-22) with EDGE_LEDGER.md:788 (the floors cap to LEAN)",,
gate:cli:cornered_day_klaxon,gate,src/racing_edge/cli/nap.py,964,race_quality < BETTING_BAR -> NAMED PASS,doorbell,2026-09-02,"EDGE_LEDGER.md:787 his ruling: 'no betting race survives the gates -> a NAMED PASS (law 5), race by race — the dreck column's supply ends'",the record shows readable winners passed over,born of Lady Kara (last at 5/2) and Max Of Stars 08-22
gate:cli:glance_decline_gate,gate,src/racing_edge/cli/nap.py,1498,"glance_decline(confident, glance, nap_market_rank) -> bank a named pass",taught,2026-08-31,cli/nap.py:1486-1490 the master 2026-08-31 after Play Me: 'we need to stop making these mistakes',,the numbers inside it are unreceipted (shapebook.py:228)
gate:cli:pre_bank_tripwire,gate,src/racing_edge/cli/nap.py,1531,still_to_run re-asked at bank time; off or inside the buffer -> named pass,field-tested,2026-08-24,cli/nap.py:1531-1535 scar 2026-08-24 banked_after_the_off: the field was time-guarded once and the deep read then ran for minutes,,
constant:cli:VOID_AFTER_DAYS,constant,src/racing_edge/cli/nap.py,374,VOID_AFTER_DAYS = 7,UNRECEIPTED,,"the code says so itself: 'a hygiene bound, not a betting rule (audit 2026-09-02)'",the master rules a longer wait,
threshold:cli:drift_guard_bands,threshold,src/racing_edge/cli/nap.py,345,1.10 <= now/banked < 1.2 caution; >= 1.2 STAND OFF; <= 0.9 backed,field-tested,,"cli/nap.py:356-357 'the drift rule has been right every time (Perfidia, Artiste d'Ainay)'; graded bands not one cliff — the master, 2026-07-26",,"guards the stake, not the record; the 10/20/10% cuts are the apprentice's"
