date,engine,course,race_id,horse,banked_price,sp_dec,won,confident,status,void_reason,fav_horse,fav_sp,fav_won
2026-06-28,v1,Cartmel,rac_11973845,Fort Randall,3.13,3.12,1,1,WON,,,,
2026-07-01,v1,Thirsk,rac_11988548,Indian Run,6.2,5.5,1,1,WON,,,,
2026-07-02,v1,Yarmouth,rac_11988756,Great Mates,3.8,2.62,1,1,WON,,,,
2026-07-03,v1,Chepstow,rac_11997284,Nuptown Girl,3.95,3.5,0,1,LOST,,,,
2026-07-04,v1,Nottingham,rac_11989679,Celestias Comet,2.52,2.88,1,1,WON,,,,
2026-07-05,v1,Ayr,rac_11989744,Theoryofeverything,5.4,5.5,0,1,LOST,,,,
2026-07-06,v1,Ayr,rac_11989913,Penelope's Sister,6.4,4.5,0,1,LOST,,,,
2026-07-07,v1,Pontefract,rac_11990134,Hover On The Wind,5.2,3.75,1,0,WON,,,,
2026-07-08,v1,Fairyhouse,rac_12016446,Rahmi,6.0,5.5,0,1,LOST,,,,
2026-07-09,v1,Newbury,rac_11990667,Grizedale,8.6,4.5,1,1,WON,,,,
2026-07-10,v1,Newmarket,rac_11990823,Aqua Bear,6.5,6.0,0,1,LOST,,,,
2026-07-12,v1,Perth,rac_11987846,Hypotenus,5.8,6.5,0,1,LOST,,,,
2026-07-13,v1,Windsor,rac_11999767,Kalokalo,3.95,4.0,0,1,LOST,,,,
2026-07-15,v1,Catterick,rac_13000000624,Aberama Gold,4.8,4.5,0,1,LOST,,,,
2026-07-19,v1,Newton Abbot,rac_13000003588,Time To Bite,6.2,4.5,0,0,LOST,,,,
2026-07-21,v1,,PASS,NO BET,,,-1,0,PASS,,,,
2026-07-22,v1,Leicester,rac_32291964679,Miss Nightcap,4.4,3.5,1,1,WON,,,,
2026-07-23,v1,Leopardstown,rac_32292046033,Dark Viper,8.4,10.0,1,0,WON,,,,
2026-07-24,v1,Chepstow,rac_32292286221,Kodi Fire,7.8,6.0,0,0,LOST,,,,
2026-07-25,v1,Chester,rac_32292392756,Woodstock,4.9,4.5,0,0,LOST,,,,
2026-07-26,v1,Uttoxeter,rac_32292464425,Divilabother,3.1,2.88,0,1,LOST,,,,
2026-07-27,v1,,PASS,NO BET,,,-1,0,PASS,,,,
2026-07-28,v1,,PASS,NO BET,,,-1,0,PASS,,,,
2026-07-29,v1,,PASS,NO BET,,,-1,0,PASS,,,,
2026-07-30,v1,,PASS,NO BET,,,-1,0,PASS,,,,
2026-07-31,v1,,PASS,NO BET,,,-1,0,PASS,,,,
2026-08-01,v1,Newmarket (July),rac_32293092013,First Officer,7.2,5.5,0,0,LOST,,,,
2026-08-02,v1,Galway,rac_32293243099,Jp's Express,4.4,4.5,0,0,LOST,,,,
2026-08-03,v1,Ripon,rac_32293202422,Poet's Dawn,3.75,3.0,1,1,WON,,,,
2026-08-04,v1,Lingfield,rac_32293308957,Russian Rumour,8.5,11.0,0,1,LOST,,,,
2026-08-05,v1,Pontefract,rac_32293409681,The Good Biscuit,5.2,4.5,0,1,LOST,,,,
2026-08-06,v1,Sandown,rac_32293535586,Thursday Girl,4.7,2.75,0,1,LOST,,,,
2026-08-07,v1,Musselburgh,rac_32293651806,Roc De Fer,2.0,2.1,0,0,LOST,,,,
2026-08-08,v1,Haydock,rac_32293748656,Brighton View,1.73,1.4,0,0,LOST,,,,
2026-08-09,v1,Downpatrick,rac_32293928797,Tropical Twist,4.33,4.0,0,0,LOST,,,,
2026-08-10,v1,,PASS,NO BET,,,-1,0,PASS,,,,
2026-08-11,v1,Carlisle,rac_32294019836,Great,5.6,4.5,0,1,LOST,,,,
2026-08-12,v1,Beverley,rac_32294114749,Glenfinnan,6.2,6.5,1,1,WON,,,,
2026-08-13,v1,,PASS,NO BET,,,-1,0,PASS,,,,
2026-08-14,v1,Thirsk,rac_32294308449,Moulin Booj,4.0,3.25,0,1,LOST,,,,
2026-08-15,v1,,PASS,NO BET,,,-1,0,PASS,,,,
2026-08-16,v1,,PASS,NO BET,,,-1,0,PASS,,,,
2026-08-17,v1,,PASS,NO BET,,,-1,0,PASS,,,,
2026-08-18,v1,Chepstow,rac_32294722967,Rogue Exile,4.7,4.5,0,0,LOST,,,,
2026-08-19,v1,,PASS,NO BET,,,-1,0,PASS,,Smugglers Haven,2.75,0
2026-08-20,v1,Newmarket (July),rac_32294910856,Cherry Cobbler,2.96,2.38,0,0,LOST,,Cherry Cobbler,2.38,0
2026-08-21,v1,Hamilton,rac_32295036761,Dandy Magic,6.6,5.0,0,1,LOST,,City Captain,4.0,1
2026-08-22,v1,Newton Abbot,rac_32295201406,Max Of Stars,10.0,4.33,0,0,LOST,,Arctic Voyage,,-2
2026-08-23,v1,Worcester,rac_32295228524,Pep Talking,9.0,8.0,0,0,LOST,,At The Oche,2.38,0
2026-08-24,v1,Musselburgh,rac_32295319563,The Resdev Scholar,6.0,5.0,0,0,LOST,,Blakefell,3.25,0
2026-08-25,v1,Stratford,rac_32295410602,Duke Of Luckley,8.5,6.0,1,0,WON,,Beorma,1.44,0
2026-08-26,v1,Newbury,rac_32295488082,Lion Of Mali,3.65,2.5,1,0,WON,,Bold Shout,3.25,0
2026-08-27,v1,Newton Abbot,rac_32295594617,Lady Kara,5.5,3.5,0,0,LOST,,Thickthorn Tom,2.25,1
2026-08-28,v1,Sandown,rac_32295685656,Drymee,2.7,2.38,1,0,WON,,Drymee,2.38,1
2026-08-29,v1,Cartmel,rac_32295920033,Passing Diamond,2.0,1.53,1,0,WON,,Passing Diamond,1.53,1
2026-08-30,v1,Yarmouth,rac_32295902600,Kinswoman,2.63,1.44,1,0,WON,,Kinswoman,1.44,1
2026-08-31,v1,Epsom,rac_32295987828,Play Me,5.5,7.0,0,0,LOST,,French Affair,2.2,0
2026-09-01,v1,Brighton,rac_32296131166,Mr Cool,3.5,3.0,0,0,LOST,,Diomed Spirit,3.0,1
2026-09-02,v1,Hamilton,rac_32296257071,Harley,3.8,3.25,0,0,LOST,,Battle Fever,2.0,0
2026-09-03,v2,Haydock,rac_32296332614,Hollywell Stream,7.6,5.0,0,0,LOST,,Hoseki,2.25,1
2026-09-04,v2,Bangor-on-Dee,rac_32296491448,Thickthorn Tom,2.63,3.12,0,1,LOST,,Thickthorn Tom,3.12,0
2026-09-05,v2,Stratford,rac_32296636723,Captain Cool,4.4,,-2,0,VOID,Captain Cool absent from the result's runners — non-runner/withdrawn,Gower Prince,3.0,0
2026-09-07,v2,Newton Abbot,rac_32296739384,Saint Polo,2.5,2.75,0,1,LOST,,Saint Polo,2.75,0
2026-09-08,v2,Goodwood,rac_32296857541,Over Spiced,5.5,4.0,0,0,LOST,,Spring Bloom,,-2
2026-09-09,v2,Sedgefield,rac_32297010564,Loriko,2.8,3.5,1,1,WON,,Loriko,3.5,1
2026-09-10,v2,Doncaster,rac_32296900155,Keep Grating,10.5,6.0,0,0,LOST,,Al Wathba,2.75,0
2026-09-11,v2,Doncaster,rac_32297186831,Queenstown,2.63,,-2,1,VOID,Queenstown absent from the result's runners — non-runner/withdrawn,Caballo De Mar,1.83,1
2026-09-12,v2,Leopardstown,rac_12008308,City Of Memphis,13.5,10.0,0,0,LOST,,Blue Bolt,1.8,1
2026-09-13,v2,Curragh,rac_12008347,Dr Rascal,4.5,5.0,0,0,LOST,,Monogram,3.25,0
2026-09-14,v2,Sedgefield,rac_32297498688,Mr McWhinny,1.74,1.91,1,0,WON,,Mr McWhinny,1.91,1
2026-09-15,v2,Uttoxeter,rac_32297585853,Ice Jet,1.69,2.0,1,0,WON,,Ice Jet,2.0,1
2026-09-16,v2,Kelso,rac_32297721443,Loriko,2.02,1.62,0,1,LOST,,Loriko,1.62,0
2026-09-17,v2,Pontefract,rac_32297787301,Milteye,9.6,5.5,0,0,LOST,,Venetian Lion,3.75,1
2026-09-18,v2,Newbury,rac_32298306417,Interstate,3.25,4.0,0,1,LOST,,Interstate,4.0,0
2026-09-19,v2,Newbury,rac_32297851222,Drymee,7.8,,-2,0,VOID,Drymee absent from the result's runners — non-runner/withdrawn,Abundant,1.4,1
2026-09-20,v2,,PASS,NO BET,,,-1,0,PASS,,,,
2026-09-21,v2,Hamilton,rac_32298252181,City Captain,3.6,2.2,0,0,LOST,,City Captain,2.2,0
2026-09-22,v2,Beverley,rac_32298352905,Supreme Clarets,4.9,4.0,0,0,LOST,,Misunderstood,2.88,0
2026-09-23,v2,Perth,rac_32298469125,Tamarind Bay,4.4,,-2,0,VOID,Tamarind Bay absent from the result's runners — non-runner/withdrawn,Tamarind Bay,,-2
2026-09-24,v2,Perth,rac_32298624085,Sir Carnegie,4.4,3.5,0,0,LOST,,Sir Carnegie,3.5,0
2026-09-25,v2,Haydock,rac_32298703502,Glory of The Seas,4.4,4.5,0,0,LOST,,Asia Force,3.25,0
